{"level":"INFO","ts":"2025-05-08T22:34:52.590+0700","caller":"initialize/logger.go:14","msg":"Logger initialized successfully","filepath":"./storage/logs/app.log"}
{"level":"WARN","ts":"2025-05-08T22:34:52.590+0700","caller":"initialize/logger.go:17","msg":"This is a warning message"}
{"level":"ERROR","ts":"2025-05-08T22:34:52.590+0700","caller":"initialize/logger.go:18","msg":"This is an error message for testing","stacktrace":"GOLANG/github.com/HwuuPhuc0904/backend-api/internal/initialize.InitLogger\n\t/home/perdokcat/GolangEcomerce/Go_backend_ecommerce/backend-api/internal/initialize/logger.go:18\nGOLANG/github.com/HwuuPhuc0904/backend-api/internal/initialize.Run\n\t/home/perdokcat/GolangEcomerce/Go_backend_ecommerce/backend-api/internal/initialize/run.go:11\nmain.main\n\t/home/perdokcat/GolangEcomerce/Go_backend_ecommerce/backend-api/cmd/server/main.go:9\nruntime.main\n\t/home/perdokcat/go/pkg/mod/golang.org/toolchain@v0.0.1-go1.23.5.linux-amd64/src/runtime/proc.go:272"}
{"level":"INFO","ts":"2025-05-08T22:34:52.592+0700","caller":"initialize/mysql.go:75","msg":"Connected to MySQL database successfully"}
{"level":"INFO","ts":"2025-05-08T22:34:52.592+0700","caller":"migrations/migration.go:12","msg":"Running database migrations..."}
{"level":"INFO","ts":"2025-05-08T22:34:52.699+0700","caller":"migrations/migration.go:29","msg":"Database migration completed successfully"}
{"level":"INFO","ts":"2025-05-08T22:34:52.700+0700","caller":"middleware/genAPI.go:59","msg":"API documentation generated successfully"}
{"level":"INFO","ts":"2025-05-08T22:43:45.416+0700","caller":"service/user.service.go:25","msg":"GetUserByID : ","id":5}
{"level":"INFO","ts":"2025-05-08T22:44:24.678+0700","caller":"service/user.service.go:25","msg":"GetUserByID : ","id":5}
{"level":"INFO","ts":"2025-05-08T22:45:29.718+0700","caller":"service/user.service.go:25","msg":"GetUserByID : ","id":5}
{"level":"INFO","ts":"2025-05-08T22:45:38.266+0700","caller":"service/user.service.go:25","msg":"GetUserByID : ","id":5}
{"level":"INFO","ts":"2025-05-08T22:45:44.006+0700","caller":"service/user.service.go:25","msg":"GetUserByID : ","id":5}
{"level":"INFO","ts":"2025-05-08T22:45:46.883+0700","caller":"service/user.service.go:25","msg":"GetUserByID : ","id":5}
{"level":"INFO","ts":"2025-05-08T22:50:17.632+0700","caller":"service/user.service.go:25","msg":"GetUserByID : ","id":5}
{"level":"INFO","ts":"2025-05-08T22:50:41.322+0700","caller":"service/user.service.go:25","msg":"GetUserByID : ","id":5}
{"level":"INFO","ts":"2025-05-08T22:55:42.580+0700","caller":"service/user.service.go:25","msg":"GetUserByID : ","id":5}
{"level":"INFO","ts":"2025-05-08T22:55:51.615+0700","caller":"service/user.service.go:25","msg":"GetUserByID : ","id":5}
{"level":"INFO","ts":"2025-05-08T22:57:53.877+0700","caller":"service/user.service.go:25","msg":"GetUserByID : ","id":5}
{"level":"INFO","ts":"2025-05-08T22:58:36.875+0700","caller":"service/user.service.go:25","msg":"GetUserByID : ","id":5}
{"level":"INFO","ts":"2025-05-08T22:58:56.689+0700","caller":"service/user.service.go:25","msg":"GetUserByID : ","id":5}
{"level":"INFO","ts":"2025-05-08T22:59:02.291+0700","caller":"service/user.service.go:25","msg":"GetUserByID : ","id":5}
{"level":"INFO","ts":"2025-05-08T22:59:03.719+0700","caller":"service/user.service.go:25","msg":"GetUserByID : ","id":5}
{"level":"INFO","ts":"2025-05-08T22:59:12.504+0700","caller":"service/user.service.go:25","msg":"GetUserByID : ","id":5}
{"level":"INFO","ts":"2025-05-10T10:17:25.167+0700","caller":"initialize/logger.go:14","msg":"Logger initialized successfully","filepath":"./storage/logs/app.log"}
{"level":"WARN","ts":"2025-05-10T10:17:25.167+0700","caller":"initialize/logger.go:17","msg":"This is a warning message"}
{"level":"ERROR","ts":"2025-05-10T10:17:25.167+0700","caller":"initialize/logger.go:18","msg":"This is an error message for testing","stacktrace":"GOLANG/github.com/HwuuPhuc0904/backend-api/internal/initialize.InitLogger\n\t/home/perdokcat/GolangEcomerce/Go_backend_ecommerce/backend-api/internal/initialize/logger.go:18\nGOLANG/github.com/HwuuPhuc0904/backend-api/internal/initialize.Run\n\t/home/perdokcat/GolangEcomerce/Go_backend_ecommerce/backend-api/internal/initialize/run.go:11\nmain.main\n\t/home/perdokcat/GolangEcomerce/Go_backend_ecommerce/backend-api/cmd/server/main.go:9\nruntime.main\n\t/home/perdokcat/go/pkg/mod/golang.org/toolchain@v0.0.1-go1.23.5.linux-amd64/src/runtime/proc.go:272"}
{"level":"INFO","ts":"2025-05-10T10:17:25.168+0700","caller":"initialize/mysql.go:75","msg":"Connected to MySQL database successfully"}
{"level":"INFO","ts":"2025-05-10T10:17:25.168+0700","caller":"migrations/migration.go:12","msg":"Running database migrations..."}
{"level":"INFO","ts":"2025-05-10T10:17:25.580+0700","caller":"migrations/migration.go:29","msg":"Database migration completed successfully"}
{"level":"INFO","ts":"2025-05-10T10:17:25.581+0700","caller":"middleware/genAPI.go:59","msg":"API documentation generated successfully"}
{"level":"INFO","ts":"2025-05-10T10:22:08.032+0700","caller":"initialize/logger.go:14","msg":"Logger initialized successfully","filepath":"./storage/logs/app.log"}
{"level":"WARN","ts":"2025-05-10T10:22:08.032+0700","caller":"initialize/logger.go:17","msg":"This is a warning message"}
{"level":"ERROR","ts":"2025-05-10T10:22:08.032+0700","caller":"initialize/logger.go:18","msg":"This is an error message for testing","stacktrace":"GOLANG/github.com/HwuuPhuc0904/backend-api/internal/initialize.InitLogger\n\t/home/perdokcat/GolangEcomerce/Go_backend_ecommerce/backend-api/internal/initialize/logger.go:18\nGOLANG/github.com/HwuuPhuc0904/backend-api/internal/initialize.Run\n\t/home/perdokcat/GolangEcomerce/Go_backend_ecommerce/backend-api/internal/initialize/run.go:11\nmain.main\n\t/home/perdokcat/GolangEcomerce/Go_backend_ecommerce/backend-api/cmd/server/main.go:9\nruntime.main\n\t/home/perdokcat/go/pkg/mod/golang.org/toolchain@v0.0.1-go1.23.5.linux-amd64/src/runtime/proc.go:272"}
{"level":"INFO","ts":"2025-05-10T10:22:08.033+0700","caller":"initialize/mysql.go:75","msg":"Connected to MySQL database successfully"}
{"level":"INFO","ts":"2025-05-10T10:22:08.033+0700","caller":"migrations/migration.go:12","msg":"Running database migrations..."}
{"level":"INFO","ts":"2025-05-10T10:22:08.109+0700","caller":"migrations/migration.go:37","msg":"Database migration completed successfully"}
{"level":"INFO","ts":"2025-05-10T10:22:08.109+0700","caller":"middleware/genAPI.go:59","msg":"API documentation generated successfully"}
{"level":"INFO","ts":"2025-05-14T13:19:49.881+0700","caller":"initialize/logger.go:14","msg":"Logger initialized successfully","filepath":"./storage/logs/app.log"}
{"level":"WARN","ts":"2025-05-14T13:19:49.881+0700","caller":"initialize/logger.go:17","msg":"This is a warning message"}
{"level":"ERROR","ts":"2025-05-14T13:19:49.881+0700","caller":"initialize/logger.go:18","msg":"This is an error message for testing","stacktrace":"GOLANG/github.com/HwuuPhuc0904/backend-api/internal/initialize.InitLogger\n\t/home/perdokcat/GolangEcomerce/Go_backend_ecommerce/backend-api/internal/initialize/logger.go:18\nGOLANG/github.com/HwuuPhuc0904/backend-api/internal/initialize.Run\n\t/home/perdokcat/GolangEcomerce/Go_backend_ecommerce/backend-api/internal/initialize/run.go:11\nmain.main\n\t/home/perdokcat/GolangEcomerce/Go_backend_ecommerce/backend-api/cmd/server/main.go:9\nruntime.main\n\t/home/perdokcat/go/pkg/mod/golang.org/toolchain@v0.0.1-go1.23.5.linux-amd64/src/runtime/proc.go:272"}
{"level":"INFO","ts":"2025-05-14T13:19:49.885+0700","caller":"initialize/mysql.go:75","msg":"Connected to MySQL database successfully"}
{"level":"INFO","ts":"2025-05-14T13:19:49.885+0700","caller":"migrations/migration.go:12","msg":"Running database migrations..."}
{"level":"INFO","ts":"2025-05-14T13:19:50.107+0700","caller":"migrations/migration.go:37","msg":"Database migration completed successfully"}
{"level":"INFO","ts":"2025-05-14T13:19:50.109+0700","caller":"middleware/genAPI.go:59","msg":"API documentation generated successfully"}
{"level":"INFO","ts":"2025-05-14T13:31:50.977+0700","caller":"middleware/auth.middleware.go:38","msg":"Invalid token","error":"token has invalid claims: token is expired"}
{"level":"INFO","ts":"2025-05-14T13:49:33.651+0700","caller":"initialize/logger.go:14","msg":"Logger initialized successfully","filepath":"./storage/logs/app.log"}
{"level":"WARN","ts":"2025-05-14T13:49:33.652+0700","caller":"initialize/logger.go:17","msg":"This is a warning message"}
{"level":"ERROR","ts":"2025-05-14T13:49:33.652+0700","caller":"initialize/logger.go:18","msg":"This is an error message for testing","stacktrace":"GOLANG/github.com/HwuuPhuc0904/backend-api/internal/initialize.InitLogger\n\t/home/perdokcat/GolangEcomerce/Go_backend_ecommerce/backend-api/internal/initialize/logger.go:18\nGOLANG/github.com/HwuuPhuc0904/backend-api/internal/initialize.Run\n\t/home/perdokcat/GolangEcomerce/Go_backend_ecommerce/backend-api/internal/initialize/run.go:11\nmain.main\n\t/home/perdokcat/GolangEcomerce/Go_backend_ecommerce/backend-api/cmd/server/main.go:9\nruntime.main\n\t/home/perdokcat/go/pkg/mod/golang.org/toolchain@v0.0.1-go1.23.5.linux-amd64/src/runtime/proc.go:272"}
{"level":"INFO","ts":"2025-05-14T13:49:33.655+0700","caller":"initialize/mysql.go:75","msg":"Connected to MySQL database successfully"}
{"level":"INFO","ts":"2025-05-14T13:49:33.655+0700","caller":"migrations/migration.go:12","msg":"Running database migrations..."}
{"level":"INFO","ts":"2025-05-14T13:49:33.833+0700","caller":"migrations/migration.go:37","msg":"Database migration completed successfully"}
{"level":"INFO","ts":"2025-05-14T13:49:33.836+0700","caller":"middleware/genAPI.go:59","msg":"API documentation generated successfully"}
{"level":"INFO","ts":"2025-05-14T15:48:02.099+0700","caller":"initialize/logger.go:14","msg":"Logger initialized successfully","filepath":"./storage/logs/app.log"}
{"level":"WARN","ts":"2025-05-14T15:48:02.099+0700","caller":"initialize/logger.go:17","msg":"This is a warning message"}
{"level":"ERROR","ts":"2025-05-14T15:48:02.099+0700","caller":"initialize/logger.go:18","msg":"This is an error message for testing","stacktrace":"GOLANG/github.com/HwuuPhuc0904/backend-api/internal/initialize.InitLogger\n\t/home/perdokcat/GolangEcomerce/Go_backend_ecommerce/backend-api/internal/initialize/logger.go:18\nGOLANG/github.com/HwuuPhuc0904/backend-api/internal/initialize.Run\n\t/home/perdokcat/GolangEcomerce/Go_backend_ecommerce/backend-api/internal/initialize/run.go:11\nmain.main\n\t/home/perdokcat/GolangEcomerce/Go_backend_ecommerce/backend-api/cmd/server/main.go:9\nruntime.main\n\t/home/perdokcat/go/pkg/mod/golang.org/toolchain@v0.0.1-go1.23.5.linux-amd64/src/runtime/proc.go:272"}
{"level":"INFO","ts":"2025-05-14T15:48:02.102+0700","caller":"initialize/mysql.go:75","msg":"Connected to MySQL database successfully"}
{"level":"INFO","ts":"2025-05-14T15:48:02.102+0700","caller":"migrations/migration.go:12","msg":"Running database migrations..."}
{"level":"INFO","ts":"2025-05-14T15:48:02.303+0700","caller":"migrations/migration.go:37","msg":"Database migration completed successfully"}
{"level":"INFO","ts":"2025-05-14T15:48:02.304+0700","caller":"middleware/genAPI.go:59","msg":"API documentation generated successfully"}
{"level":"INFO","ts":"2025-05-14T16:11:35.282+0700","caller":"initialize/logger.go:14","msg":"Logger initialized successfully","filepath":"./storage/logs/app.log"}
{"level":"WARN","ts":"2025-05-14T16:11:35.282+0700","caller":"initialize/logger.go:17","msg":"This is a warning message"}
{"level":"ERROR","ts":"2025-05-14T16:11:35.282+0700","caller":"initialize/logger.go:18","msg":"This is an error message for testing","stacktrace":"GOLANG/github.com/HwuuPhuc0904/backend-api/internal/initialize.InitLogger\n\t/home/perdokcat/GolangEcomerce/Go_backend_ecommerce/backend-api/internal/initialize/logger.go:18\nGOLANG/github.com/HwuuPhuc0904/backend-api/internal/initialize.Run\n\t/home/perdokcat/GolangEcomerce/Go_backend_ecommerce/backend-api/internal/initialize/run.go:11\nmain.main\n\t/home/perdokcat/GolangEcomerce/Go_backend_ecommerce/backend-api/cmd/server/main.go:9\nruntime.main\n\t/home/perdokcat/go/pkg/mod/golang.org/toolchain@v0.0.1-go1.23.5.linux-amd64/src/runtime/proc.go:272"}
{"level":"INFO","ts":"2025-05-14T16:11:35.285+0700","caller":"initialize/mysql.go:75","msg":"Connected to MySQL database successfully"}
{"level":"INFO","ts":"2025-05-14T16:11:35.285+0700","caller":"migrations/migration.go:12","msg":"Running database migrations..."}
{"level":"INFO","ts":"2025-05-14T16:11:35.438+0700","caller":"migrations/migration.go:30","msg":"Database migration completed successfully"}
{"level":"INFO","ts":"2025-05-14T16:11:35.440+0700","caller":"middleware/genAPI.go:59","msg":"API documentation generated successfully"}
{"level":"INFO","ts":"2025-05-14T22:00:01.667+0700","caller":"initialize/logger.go:14","msg":"Logger initialized successfully","filepath":"./storage/logs/app.log"}
{"level":"WARN","ts":"2025-05-14T22:00:01.667+0700","caller":"initialize/logger.go:17","msg":"This is a warning message"}
{"level":"ERROR","ts":"2025-05-14T22:00:01.667+0700","caller":"initialize/logger.go:18","msg":"This is an error message for testing","stacktrace":"GOLANG/github.com/HwuuPhuc0904/backend-api/internal/initialize.InitLogger\n\t/home/perdokcat/GolangEcomerce/Go_backend_ecommerce/backend-api/internal/initialize/logger.go:18\nGOLANG/github.com/HwuuPhuc0904/backend-api/internal/initialize.Run\n\t/home/perdokcat/GolangEcomerce/Go_backend_ecommerce/backend-api/internal/initialize/run.go:11\nmain.main\n\t/home/perdokcat/GolangEcomerce/Go_backend_ecommerce/backend-api/cmd/server/main.go:9\nruntime.main\n\t/home/perdokcat/go/pkg/mod/golang.org/toolchain@v0.0.1-go1.23.5.linux-amd64/src/runtime/proc.go:272"}
{"level":"INFO","ts":"2025-05-14T22:00:01.669+0700","caller":"initialize/mysql.go:75","msg":"Connected to MySQL database successfully"}
{"level":"INFO","ts":"2025-05-14T22:00:01.670+0700","caller":"migrations/migration.go:12","msg":"Running database migrations..."}
{"level":"INFO","ts":"2025-05-14T22:00:01.795+0700","caller":"migrations/migration.go:30","msg":"Database migration completed successfully"}
{"level":"INFO","ts":"2025-05-14T22:00:01.795+0700","caller":"middleware/genAPI.go:59","msg":"API documentation generated successfully"}
{"level":"INFO","ts":"2025-05-14T22:56:10.927+0700","caller":"initialize/logger.go:14","msg":"Logger initialized successfully","filepath":"./storage/logs/app.log"}
{"level":"WARN","ts":"2025-05-14T22:56:10.928+0700","caller":"initialize/logger.go:17","msg":"This is a warning message"}
{"level":"ERROR","ts":"2025-05-14T22:56:10.928+0700","caller":"initialize/logger.go:18","msg":"This is an error message for testing","stacktrace":"GOLANG/github.com/HwuuPhuc0904/backend-api/internal/initialize.InitLogger\n\t/home/perdokcat/GolangEcomerce/Go_backend_ecommerce/backend-api/internal/initialize/logger.go:18\nGOLANG/github.com/HwuuPhuc0904/backend-api/internal/initialize.Run\n\t/home/perdokcat/GolangEcomerce/Go_backend_ecommerce/backend-api/internal/initialize/run.go:11\nmain.main\n\t/home/perdokcat/GolangEcomerce/Go_backend_ecommerce/backend-api/cmd/server/main.go:9\nruntime.main\n\t/home/perdokcat/go/pkg/mod/golang.org/toolchain@v0.0.1-go1.23.5.linux-amd64/src/runtime/proc.go:272"}
{"level":"INFO","ts":"2025-05-14T22:56:10.929+0700","caller":"initialize/mysql.go:75","msg":"Connected to MySQL database successfully"}
{"level":"INFO","ts":"2025-05-14T22:56:10.929+0700","caller":"migrations/migration.go:12","msg":"Running database migrations..."}
{"level":"INFO","ts":"2025-05-14T22:56:11.022+0700","caller":"migrations/migration.go:30","msg":"Database migration completed successfully"}
{"level":"INFO","ts":"2025-05-14T22:56:11.024+0700","caller":"middleware/genAPI.go:59","msg":"API documentation generated successfully"}
{"level":"INFO","ts":"2025-05-15T08:29:57.379+0700","caller":"initialize/logger.go:14","msg":"Logger initialized successfully","filepath":"./storage/logs/app.log"}
{"level":"WARN","ts":"2025-05-15T08:29:57.379+0700","caller":"initialize/logger.go:17","msg":"This is a warning message"}
{"level":"ERROR","ts":"2025-05-15T08:29:57.379+0700","caller":"initialize/logger.go:18","msg":"This is an error message for testing","stacktrace":"GOLANG/github.com/HwuuPhuc0904/backend-api/internal/initialize.InitLogger\n\t/home/perdokcat/GolangEcomerce/Go_backend_ecommerce/backend-api/internal/initialize/logger.go:18\nGOLANG/github.com/HwuuPhuc0904/backend-api/internal/initialize.Run\n\t/home/perdokcat/GolangEcomerce/Go_backend_ecommerce/backend-api/internal/initialize/run.go:11\nmain.main\n\t/home/perdokcat/GolangEcomerce/Go_backend_ecommerce/backend-api/cmd/server/main.go:9\nruntime.main\n\t/home/perdokcat/go/pkg/mod/golang.org/toolchain@v0.0.1-go1.23.5.linux-amd64/src/runtime/proc.go:272"}
{"level":"INFO","ts":"2025-05-15T08:29:57.382+0700","caller":"initialize/mysql.go:75","msg":"Connected to MySQL database successfully"}
{"level":"INFO","ts":"2025-05-15T08:29:57.382+0700","caller":"migrations/migration.go:12","msg":"Running database migrations..."}
{"level":"INFO","ts":"2025-05-15T08:29:57.524+0700","caller":"migrations/migration.go:30","msg":"Database migration completed successfully"}
{"level":"INFO","ts":"2025-05-15T08:29:57.526+0700","caller":"middleware/genAPI.go:59","msg":"API documentation generated successfully"}
{"level":"INFO","ts":"2025-05-15T09:13:39.499+0700","caller":"initialize/logger.go:14","msg":"Logger initialized successfully","filepath":"./storage/logs/app.log"}
{"level":"WARN","ts":"2025-05-15T09:13:39.499+0700","caller":"initialize/logger.go:17","msg":"This is a warning message"}
{"level":"ERROR","ts":"2025-05-15T09:13:39.499+0700","caller":"initialize/logger.go:18","msg":"This is an error message for testing","stacktrace":"GOLANG/github.com/HwuuPhuc0904/backend-api/internal/initialize.InitLogger\n\t/home/perdokcat/GolangEcomerce/Go_backend_ecommerce/backend-api/internal/initialize/logger.go:18\nGOLANG/github.com/HwuuPhuc0904/backend-api/internal/initialize.Run\n\t/home/perdokcat/GolangEcomerce/Go_backend_ecommerce/backend-api/internal/initialize/run.go:11\nmain.main\n\t/home/perdokcat/GolangEcomerce/Go_backend_ecommerce/backend-api/cmd/server/main.go:9\nruntime.main\n\t/home/perdokcat/go/pkg/mod/golang.org/toolchain@v0.0.1-go1.23.5.linux-amd64/src/runtime/proc.go:272"}
{"level":"INFO","ts":"2025-05-15T09:13:39.501+0700","caller":"initialize/mysql.go:75","msg":"Connected to MySQL database successfully"}
{"level":"INFO","ts":"2025-05-15T09:13:39.501+0700","caller":"migrations/migration.go:12","msg":"Running database migrations..."}
{"level":"INFO","ts":"2025-05-15T09:13:39.592+0700","caller":"migrations/migration.go:30","msg":"Database migration completed successfully"}
{"level":"INFO","ts":"2025-05-15T09:13:39.593+0700","caller":"middleware/genAPI.go:59","msg":"API documentation generated successfully"}
{"level":"INFO","ts":"2025-05-15T09:20:19.112+0700","caller":"initialize/logger.go:14","msg":"Logger initialized successfully","filepath":"./storage/logs/app.log"}
{"level":"WARN","ts":"2025-05-15T09:20:19.113+0700","caller":"initialize/logger.go:17","msg":"This is a warning message"}
{"level":"ERROR","ts":"2025-05-15T09:20:19.113+0700","caller":"initialize/logger.go:18","msg":"This is an error message for testing","stacktrace":"GOLANG/github.com/HwuuPhuc0904/backend-api/internal/initialize.InitLogger\n\t/home/perdokcat/GolangEcomerce/Go_backend_ecommerce/backend-api/internal/initialize/logger.go:18\nGOLANG/github.com/HwuuPhuc0904/backend-api/internal/initialize.Run\n\t/home/perdokcat/GolangEcomerce/Go_backend_ecommerce/backend-api/internal/initialize/run.go:11\nmain.main\n\t/home/perdokcat/GolangEcomerce/Go_backend_ecommerce/backend-api/cmd/server/main.go:9\nruntime.main\n\t/home/perdokcat/go/pkg/mod/golang.org/toolchain@v0.0.1-go1.23.5.linux-amd64/src/runtime/proc.go:272"}
{"level":"INFO","ts":"2025-05-15T09:20:19.116+0700","caller":"initialize/mysql.go:75","msg":"Connected to MySQL database successfully"}
{"level":"INFO","ts":"2025-05-15T09:20:19.116+0700","caller":"migrations/migration.go:12","msg":"Running database migrations..."}
{"level":"INFO","ts":"2025-05-15T09:20:19.180+0700","caller":"migrations/migration.go:30","msg":"Database migration completed successfully"}
{"level":"INFO","ts":"2025-05-15T09:20:19.180+0700","caller":"middleware/genAPI.go:59","msg":"API documentation generated successfully"}
{"level":"INFO","ts":"2025-05-15T09:33:18.414+0700","caller":"initialize/logger.go:14","msg":"Logger initialized successfully","filepath":"./storage/logs/app.log"}
{"level":"WARN","ts":"2025-05-15T09:33:18.415+0700","caller":"initialize/logger.go:17","msg":"This is a warning message"}
{"level":"ERROR","ts":"2025-05-15T09:33:18.415+0700","caller":"initialize/logger.go:18","msg":"This is an error message for testing","stacktrace":"GOLANG/github.com/HwuuPhuc0904/backend-api/internal/initialize.InitLogger\n\t/home/perdokcat/GolangEcomerce/Go_backend_ecommerce/backend-api/internal/initialize/logger.go:18\nGOLANG/github.com/HwuuPhuc0904/backend-api/internal/initialize.Run\n\t/home/perdokcat/GolangEcomerce/Go_backend_ecommerce/backend-api/internal/initialize/run.go:11\nmain.main\n\t/home/perdokcat/GolangEcomerce/Go_backend_ecommerce/backend-api/cmd/server/main.go:9\nruntime.main\n\t/home/perdokcat/go/pkg/mod/golang.org/toolchain@v0.0.1-go1.23.5.linux-amd64/src/runtime/proc.go:272"}
{"level":"INFO","ts":"2025-05-15T09:33:18.417+0700","caller":"initialize/mysql.go:75","msg":"Connected to MySQL database successfully"}
{"level":"INFO","ts":"2025-05-15T09:33:18.417+0700","caller":"migrations/migration.go:12","msg":"Running database migrations..."}
{"level":"INFO","ts":"2025-05-15T09:33:18.511+0700","caller":"migrations/migration.go:30","msg":"Database migration completed successfully"}
{"level":"INFO","ts":"2025-05-15T09:33:18.513+0700","caller":"middleware/genAPI.go:59","msg":"API documentation generated successfully"}
{"level":"INFO","ts":"2025-05-15T09:46:41.356+0700","caller":"service/product.service.go:27","msg":"GetProductByCategory","Category":"Dien thoai may tinh bang"}
{"level":"INFO","ts":"2025-05-15T09:47:28.308+0700","caller":"service/product.service.go:27","msg":"GetProductByCategory","Category":"Dien thoai may tinh bang"}
{"level":"INFO","ts":"2025-05-15T10:36:26.707+0700","caller":"initialize/logger.go:14","msg":"Logger initialized successfully","filepath":"./storage/logs/app.log"}
{"level":"WARN","ts":"2025-05-15T10:36:26.707+0700","caller":"initialize/logger.go:17","msg":"This is a warning message"}
{"level":"ERROR","ts":"2025-05-15T10:36:26.707+0700","caller":"initialize/logger.go:18","msg":"This is an error message for testing","stacktrace":"GOLANG/github.com/HwuuPhuc0904/backend-api/internal/initialize.InitLogger\n\t/home/perdokcat/GolangEcomerce/Go_backend_ecommerce/backend-api/internal/initialize/logger.go:18\nGOLANG/github.com/HwuuPhuc0904/backend-api/internal/initialize.Run\n\t/home/perdokcat/GolangEcomerce/Go_backend_ecommerce/backend-api/internal/initialize/run.go:11\nmain.main\n\t/home/perdokcat/GolangEcomerce/Go_backend_ecommerce/backend-api/cmd/server/main.go:9\nruntime.main\n\t/home/perdokcat/go/pkg/mod/golang.org/toolchain@v0.0.1-go1.23.5.linux-amd64/src/runtime/proc.go:272"}
{"level":"INFO","ts":"2025-05-15T10:36:26.708+0700","caller":"initialize/mysql.go:75","msg":"Connected to MySQL database successfully"}
{"level":"INFO","ts":"2025-05-15T10:36:26.708+0700","caller":"migrations/migration.go:12","msg":"Running database migrations..."}
{"level":"INFO","ts":"2025-05-15T10:36:26.764+0700","caller":"migrations/migration.go:30","msg":"Database migration completed successfully"}
{"level":"INFO","ts":"2025-05-15T10:36:26.765+0700","caller":"middleware/genAPI.go:59","msg":"API documentation generated successfully"}
{"level":"INFO","ts":"2025-05-15T10:36:34.070+0700","caller":"service/product.service.go:27","msg":"GetProductByCategory","Category":"Dien thoai may tinh bang"}
{"level":"ERROR","ts":"2025-05-15T10:36:34.076+0700","caller":"repo/product.repo.go:36","msg":"Error counting products","error":"unsupported data type: 0xc00021a498: Table not set, please set it like: db.Model(&user) or db.Table(\"users\")","stacktrace":"GOLANG/github.com/HwuuPhuc0904/backend-api/internal/repo.(*ProductRepo).GetProductByCategory\n\t/home/perdokcat/GolangEcomerce/Go_backend_ecommerce/backend-api/internal/repo/product.repo.go:36\nGOLANG/github.com/HwuuPhuc0904/backend-api/internal/service.(*ProductService).GetProductsByCategory\n\t/home/perdokcat/GolangEcomerce/Go_backend_ecommerce/backend-api/internal/service/product.service.go:53\nGOLANG/github.com/HwuuPhuc0904/backend-api/internal/controller.(*ProductController).GetProductsByCategory\n\t/home/perdokcat/GolangEcomerce/Go_backend_ecommerce/backend-api/internal/controller/product.controller.go:94\ngithub.com/gin-gonic/gin.(*Context).Next\n\t/home/perdokcat/go/pkg/mod/github.com/gin-gonic/gin@v1.10.0/context.go:185\ngithub.com/gin-gonic/gin.CustomRecoveryWithWriter.func1\n\t/home/perdokcat/go/pkg/mod/github.com/gin-gonic/gin@v1.10.0/recovery.go:102\ngithub.com/gin-gonic/gin.(*Context).Next\n\t/home/perdokcat/go/pkg/mod/github.com/gin-gonic/gin@v1.10.0/context.go:185\ngithub.com/gin-gonic/gin.LoggerWithConfig.func1\n\t/home/perdokcat/go/pkg/mod/github.com/gin-gonic/gin@v1.10.0/logger.go:249\ngithub.com/gin-gonic/gin.(*Context).Next\n\t/home/perdokcat/go/pkg/mod/github.com/gin-gonic/gin@v1.10.0/context.go:185\ngithub.com/gin-gonic/gin.(*Engine).handleHTTPRequest\n\t/home/perdokcat/go/pkg/mod/github.com/gin-gonic/gin@v1.10.0/gin.go:633\ngithub.com/gin-gonic/gin.(*Engine).ServeHTTP\n\t/home/perdokcat/go/pkg/mod/github.com/gin-gonic/gin@v1.10.0/gin.go:589\nnet/http.serverHandler.ServeHTTP\n\t/home/perdokcat/go/pkg/mod/golang.org/toolchain@v0.0.1-go1.23.5.linux-amd64/src/net/http/server.go:3210\nnet/http.(*conn).serve\n\t/home/perdokcat/go/pkg/mod/golang.org/toolchain@v0.0.1-go1.23.5.linux-amd64/src/net/http/server.go:2092"}
{"level":"ERROR","ts":"2025-05-15T10:36:34.076+0700","caller":"controller/product.controller.go:96","msg":"Failed to get products by category ID","error":"unsupported data type: 0xc00021a498: Table not set, please set it like: db.Model(&user) or db.Table(\"users\")","stacktrace":"GOLANG/github.com/HwuuPhuc0904/backend-api/internal/controller.(*ProductController).GetProductsByCategory\n\t/home/perdokcat/GolangEcomerce/Go_backend_ecommerce/backend-api/internal/controller/product.controller.go:96\ngithub.com/gin-gonic/gin.(*Context).Next\n\t/home/perdokcat/go/pkg/mod/github.com/gin-gonic/gin@v1.10.0/context.go:185\ngithub.com/gin-gonic/gin.CustomRecoveryWithWriter.func1\n\t/home/perdokcat/go/pkg/mod/github.com/gin-gonic/gin@v1.10.0/recovery.go:102\ngithub.com/gin-gonic/gin.(*Context).Next\n\t/home/perdokcat/go/pkg/mod/github.com/gin-gonic/gin@v1.10.0/context.go:185\ngithub.com/gin-gonic/gin.LoggerWithConfig.func1\n\t/home/perdokcat/go/pkg/mod/github.com/gin-gonic/gin@v1.10.0/logger.go:249\ngithub.com/gin-gonic/gin.(*Context).Next\n\t/home/perdokcat/go/pkg/mod/github.com/gin-gonic/gin@v1.10.0/context.go:185\ngithub.com/gin-gonic/gin.(*Engine).handleHTTPRequest\n\t/home/perdokcat/go/pkg/mod/github.com/gin-gonic/gin@v1.10.0/gin.go:633\ngithub.com/gin-gonic/gin.(*Engine).ServeHTTP\n\t/home/perdokcat/go/pkg/mod/github.com/gin-gonic/gin@v1.10.0/gin.go:589\nnet/http.serverHandler.ServeHTTP\n\t/home/perdokcat/go/pkg/mod/golang.org/toolchain@v0.0.1-go1.23.5.linux-amd64/src/net/http/server.go:3210\nnet/http.(*conn).serve\n\t/home/perdokcat/go/pkg/mod/golang.org/toolchain@v0.0.1-go1.23.5.linux-amd64/src/net/http/server.go:2092"}
{"level":"INFO","ts":"2025-05-15T10:40:25.058+0700","caller":"initialize/logger.go:14","msg":"Logger initialized successfully","filepath":"./storage/logs/app.log"}
{"level":"WARN","ts":"2025-05-15T10:40:25.058+0700","caller":"initialize/logger.go:17","msg":"This is a warning message"}
{"level":"ERROR","ts":"2025-05-15T10:40:25.058+0700","caller":"initialize/logger.go:18","msg":"This is an error message for testing","stacktrace":"GOLANG/github.com/HwuuPhuc0904/backend-api/internal/initialize.InitLogger\n\t/home/perdokcat/GolangEcomerce/Go_backend_ecommerce/backend-api/internal/initialize/logger.go:18\nGOLANG/github.com/HwuuPhuc0904/backend-api/internal/initialize.Run\n\t/home/perdokcat/GolangEcomerce/Go_backend_ecommerce/backend-api/internal/initialize/run.go:11\nmain.main\n\t/home/perdokcat/GolangEcomerce/Go_backend_ecommerce/backend-api/cmd/server/main.go:9\nruntime.main\n\t/home/perdokcat/go/pkg/mod/golang.org/toolchain@v0.0.1-go1.23.5.linux-amd64/src/runtime/proc.go:272"}
{"level":"INFO","ts":"2025-05-15T10:40:25.060+0700","caller":"initialize/mysql.go:75","msg":"Connected to MySQL database successfully"}
{"level":"INFO","ts":"2025-05-15T10:40:25.060+0700","caller":"migrations/migration.go:12","msg":"Running database migrations..."}
{"level":"INFO","ts":"2025-05-15T10:40:25.126+0700","caller":"migrations/migration.go:30","msg":"Database migration completed successfully"}
{"level":"INFO","ts":"2025-05-15T10:40:25.127+0700","caller":"middleware/genAPI.go:59","msg":"API documentation generated successfully"}
{"level":"INFO","ts":"2025-05-15T10:40:31.232+0700","caller":"service/product.service.go:27","msg":"GetProductByCategory","Category":"Dien thoai may tinh bang"}
{"level":"ERROR","ts":"2025-05-15T10:40:31.235+0700","caller":"repo/product.repo.go:36","msg":"Error counting products","error":"unsupported data type: 0xc000454060: Table not set, please set it like: db.Model(&user) or db.Table(\"users\")","stacktrace":"GOLANG/github.com/HwuuPhuc0904/backend-api/internal/repo.(*ProductRepo).GetProductByCategory\n\t/home/perdokcat/GolangEcomerce/Go_backend_ecommerce/backend-api/internal/repo/product.repo.go:36\nGOLANG/github.com/HwuuPhuc0904/backend-api/internal/service.(*ProductService).GetProductsByCategory\n\t/home/perdokcat/GolangEcomerce/Go_backend_ecommerce/backend-api/internal/service/product.service.go:53\nGOLANG/github.com/HwuuPhuc0904/backend-api/internal/controller.(*ProductController).GetProductsByCategory\n\t/home/perdokcat/GolangEcomerce/Go_backend_ecommerce/backend-api/internal/controller/product.controller.go:94\ngithub.com/gin-gonic/gin.(*Context).Next\n\t/home/perdokcat/go/pkg/mod/github.com/gin-gonic/gin@v1.10.0/context.go:185\ngithub.com/gin-gonic/gin.CustomRecoveryWithWriter.func1\n\t/home/perdokcat/go/pkg/mod/github.com/gin-gonic/gin@v1.10.0/recovery.go:102\ngithub.com/gin-gonic/gin.(*Context).Next\n\t/home/perdokcat/go/pkg/mod/github.com/gin-gonic/gin@v1.10.0/context.go:185\ngithub.com/gin-gonic/gin.LoggerWithConfig.func1\n\t/home/perdokcat/go/pkg/mod/github.com/gin-gonic/gin@v1.10.0/logger.go:249\ngithub.com/gin-gonic/gin.(*Context).Next\n\t/home/perdokcat/go/pkg/mod/github.com/gin-gonic/gin@v1.10.0/context.go:185\ngithub.com/gin-gonic/gin.(*Engine).handleHTTPRequest\n\t/home/perdokcat/go/pkg/mod/github.com/gin-gonic/gin@v1.10.0/gin.go:633\ngithub.com/gin-gonic/gin.(*Engine).ServeHTTP\n\t/home/perdokcat/go/pkg/mod/github.com/gin-gonic/gin@v1.10.0/gin.go:589\nnet/http.serverHandler.ServeHTTP\n\t/home/perdokcat/go/pkg/mod/golang.org/toolchain@v0.0.1-go1.23.5.linux-amd64/src/net/http/server.go:3210\nnet/http.(*conn).serve\n\t/home/perdokcat/go/pkg/mod/golang.org/toolchain@v0.0.1-go1.23.5.linux-amd64/src/net/http/server.go:2092"}
{"level":"ERROR","ts":"2025-05-15T10:40:31.235+0700","caller":"controller/product.controller.go:96","msg":"Failed to get products by category ID","error":"unsupported data type: 0xc000454060: Table not set, please set it like: db.Model(&user) or db.Table(\"users\")","stacktrace":"GOLANG/github.com/HwuuPhuc0904/backend-api/internal/controller.(*ProductController).GetProductsByCategory\n\t/home/perdokcat/GolangEcomerce/Go_backend_ecommerce/backend-api/internal/controller/product.controller.go:96\ngithub.com/gin-gonic/gin.(*Context).Next\n\t/home/perdokcat/go/pkg/mod/github.com/gin-gonic/gin@v1.10.0/context.go:185\ngithub.com/gin-gonic/gin.CustomRecoveryWithWriter.func1\n\t/home/perdokcat/go/pkg/mod/github.com/gin-gonic/gin@v1.10.0/recovery.go:102\ngithub.com/gin-gonic/gin.(*Context).Next\n\t/home/perdokcat/go/pkg/mod/github.com/gin-gonic/gin@v1.10.0/context.go:185\ngithub.com/gin-gonic/gin.LoggerWithConfig.func1\n\t/home/perdokcat/go/pkg/mod/github.com/gin-gonic/gin@v1.10.0/logger.go:249\ngithub.com/gin-gonic/gin.(*Context).Next\n\t/home/perdokcat/go/pkg/mod/github.com/gin-gonic/gin@v1.10.0/context.go:185\ngithub.com/gin-gonic/gin.(*Engine).handleHTTPRequest\n\t/home/perdokcat/go/pkg/mod/github.com/gin-gonic/gin@v1.10.0/gin.go:633\ngithub.com/gin-gonic/gin.(*Engine).ServeHTTP\n\t/home/perdokcat/go/pkg/mod/github.com/gin-gonic/gin@v1.10.0/gin.go:589\nnet/http.serverHandler.ServeHTTP\n\t/home/perdokcat/go/pkg/mod/golang.org/toolchain@v0.0.1-go1.23.5.linux-amd64/src/net/http/server.go:3210\nnet/http.(*conn).serve\n\t/home/perdokcat/go/pkg/mod/golang.org/toolchain@v0.0.1-go1.23.5.linux-amd64/src/net/http/server.go:2092"}
{"level":"INFO","ts":"2025-05-15T10:40:35.227+0700","caller":"service/product.service.go:27","msg":"GetProductByCategory","Category":"Dien thoai may tinh bang"}
{"level":"ERROR","ts":"2025-05-15T10:40:35.233+0700","caller":"repo/product.repo.go:36","msg":"Error counting products","error":"unsupported data type: 0xc00042c1d8: Table not set, please set it like: db.Model(&user) or db.Table(\"users\")","stacktrace":"GOLANG/github.com/HwuuPhuc0904/backend-api/internal/repo.(*ProductRepo).GetProductByCategory\n\t/home/perdokcat/GolangEcomerce/Go_backend_ecommerce/backend-api/internal/repo/product.repo.go:36\nGOLANG/github.com/HwuuPhuc0904/backend-api/internal/service.(*ProductService).GetProductsByCategory\n\t/home/perdokcat/GolangEcomerce/Go_backend_ecommerce/backend-api/internal/service/product.service.go:53\nGOLANG/github.com/HwuuPhuc0904/backend-api/internal/controller.(*ProductController).GetProductsByCategory\n\t/home/perdokcat/GolangEcomerce/Go_backend_ecommerce/backend-api/internal/controller/product.controller.go:94\ngithub.com/gin-gonic/gin.(*Context).Next\n\t/home/perdokcat/go/pkg/mod/github.com/gin-gonic/gin@v1.10.0/context.go:185\ngithub.com/gin-gonic/gin.CustomRecoveryWithWriter.func1\n\t/home/perdokcat/go/pkg/mod/github.com/gin-gonic/gin@v1.10.0/recovery.go:102\ngithub.com/gin-gonic/gin.(*Context).Next\n\t/home/perdokcat/go/pkg/mod/github.com/gin-gonic/gin@v1.10.0/context.go:185\ngithub.com/gin-gonic/gin.LoggerWithConfig.func1\n\t/home/perdokcat/go/pkg/mod/github.com/gin-gonic/gin@v1.10.0/logger.go:249\ngithub.com/gin-gonic/gin.(*Context).Next\n\t/home/perdokcat/go/pkg/mod/github.com/gin-gonic/gin@v1.10.0/context.go:185\ngithub.com/gin-gonic/gin.(*Engine).handleHTTPRequest\n\t/home/perdokcat/go/pkg/mod/github.com/gin-gonic/gin@v1.10.0/gin.go:633\ngithub.com/gin-gonic/gin.(*Engine).ServeHTTP\n\t/home/perdokcat/go/pkg/mod/github.com/gin-gonic/gin@v1.10.0/gin.go:589\nnet/http.serverHandler.ServeHTTP\n\t/home/perdokcat/go/pkg/mod/golang.org/toolchain@v0.0.1-go1.23.5.linux-amd64/src/net/http/server.go:3210\nnet/http.(*conn).serve\n\t/home/perdokcat/go/pkg/mod/golang.org/toolchain@v0.0.1-go1.23.5.linux-amd64/src/net/http/server.go:2092"}
{"level":"ERROR","ts":"2025-05-15T10:40:35.233+0700","caller":"controller/product.controller.go:96","msg":"Failed to get products by category ID","error":"unsupported data type: 0xc00042c1d8: Table not set, please set it like: db.Model(&user) or db.Table(\"users\")","stacktrace":"GOLANG/github.com/HwuuPhuc0904/backend-api/internal/controller.(*ProductController).GetProductsByCategory\n\t/home/perdokcat/GolangEcomerce/Go_backend_ecommerce/backend-api/internal/controller/product.controller.go:96\ngithub.com/gin-gonic/gin.(*Context).Next\n\t/home/perdokcat/go/pkg/mod/github.com/gin-gonic/gin@v1.10.0/context.go:185\ngithub.com/gin-gonic/gin.CustomRecoveryWithWriter.func1\n\t/home/perdokcat/go/pkg/mod/github.com/gin-gonic/gin@v1.10.0/recovery.go:102\ngithub.com/gin-gonic/gin.(*Context).Next\n\t/home/perdokcat/go/pkg/mod/github.com/gin-gonic/gin@v1.10.0/context.go:185\ngithub.com/gin-gonic/gin.LoggerWithConfig.func1\n\t/home/perdokcat/go/pkg/mod/github.com/gin-gonic/gin@v1.10.0/logger.go:249\ngithub.com/gin-gonic/gin.(*Context).Next\n\t/home/perdokcat/go/pkg/mod/github.com/gin-gonic/gin@v1.10.0/context.go:185\ngithub.com/gin-gonic/gin.(*Engine).handleHTTPRequest\n\t/home/perdokcat/go/pkg/mod/github.com/gin-gonic/gin@v1.10.0/gin.go:633\ngithub.com/gin-gonic/gin.(*Engine).ServeHTTP\n\t/home/perdokcat/go/pkg/mod/github.com/gin-gonic/gin@v1.10.0/gin.go:589\nnet/http.serverHandler.ServeHTTP\n\t/home/perdokcat/go/pkg/mod/golang.org/toolchain@v0.0.1-go1.23.5.linux-amd64/src/net/http/server.go:3210\nnet/http.(*conn).serve\n\t/home/perdokcat/go/pkg/mod/golang.org/toolchain@v0.0.1-go1.23.5.linux-amd64/src/net/http/server.go:2092"}
{"level":"INFO","ts":"2025-05-15T10:44:22.528+0700","caller":"initialize/logger.go:14","msg":"Logger initialized successfully","filepath":"./storage/logs/app.log"}
{"level":"WARN","ts":"2025-05-15T10:44:22.528+0700","caller":"initialize/logger.go:17","msg":"This is a warning message"}
{"level":"ERROR","ts":"2025-05-15T10:44:22.528+0700","caller":"initialize/logger.go:18","msg":"This is an error message for testing","stacktrace":"GOLANG/github.com/HwuuPhuc0904/backend-api/internal/initialize.InitLogger\n\t/home/perdokcat/GolangEcomerce/Go_backend_ecommerce/backend-api/internal/initialize/logger.go:18\nGOLANG/github.com/HwuuPhuc0904/backend-api/internal/initialize.Run\n\t/home/perdokcat/GolangEcomerce/Go_backend_ecommerce/backend-api/internal/initialize/run.go:11\nmain.main\n\t/home/perdokcat/GolangEcomerce/Go_backend_ecommerce/backend-api/cmd/server/main.go:9\nruntime.main\n\t/home/perdokcat/go/pkg/mod/golang.org/toolchain@v0.0.1-go1.23.5.linux-amd64/src/runtime/proc.go:272"}
{"level":"INFO","ts":"2025-05-15T10:44:22.530+0700","caller":"initialize/mysql.go:75","msg":"Connected to MySQL database successfully"}
{"level":"INFO","ts":"2025-05-15T10:44:22.530+0700","caller":"migrations/migration.go:12","msg":"Running database migrations..."}
{"level":"INFO","ts":"2025-05-15T10:44:22.584+0700","caller":"migrations/migration.go:30","msg":"Database migration completed successfully"}
{"level":"INFO","ts":"2025-05-15T10:44:22.585+0700","caller":"middleware/genAPI.go:59","msg":"API documentation generated successfully"}
{"level":"INFO","ts":"2025-05-15T10:44:26.034+0700","caller":"service/product.service.go:27","msg":"GetProductByCategory","Category":"Dien thoai may tinh bang"}
{"level":"INFO","ts":"2025-05-15T14:15:55.581+0700","caller":"initialize/logger.go:14","msg":"Logger initialized successfully","filepath":"./storage/logs/app.log"}
{"level":"WARN","ts":"2025-05-15T14:15:55.581+0700","caller":"initialize/logger.go:17","msg":"This is a warning message"}
{"level":"ERROR","ts":"2025-05-15T14:15:55.581+0700","caller":"initialize/logger.go:18","msg":"This is an error message for testing","stacktrace":"GOLANG/github.com/HwuuPhuc0904/backend-api/internal/initialize.InitLogger\n\t/home/perdokcat/GolangEcomerce/Go_backend_ecommerce/backend-api/internal/initialize/logger.go:18\nGOLANG/github.com/HwuuPhuc0904/backend-api/internal/initialize.Run\n\t/home/perdokcat/GolangEcomerce/Go_backend_ecommerce/backend-api/internal/initialize/run.go:11\nmain.main\n\t/home/perdokcat/GolangEcomerce/Go_backend_ecommerce/backend-api/cmd/server/main.go:9\nruntime.main\n\t/home/perdokcat/go/pkg/mod/golang.org/toolchain@v0.0.1-go1.23.5.linux-amd64/src/runtime/proc.go:272"}
{"level":"INFO","ts":"2025-05-15T14:15:55.583+0700","caller":"initialize/mysql.go:75","msg":"Connected to MySQL database successfully"}
{"level":"INFO","ts":"2025-05-15T14:15:55.583+0700","caller":"migrations/migration.go:12","msg":"Running database migrations..."}
{"level":"INFO","ts":"2025-05-15T14:15:55.696+0700","caller":"migrations/migration.go:30","msg":"Database migration completed successfully"}
{"level":"INFO","ts":"2025-05-15T14:15:55.699+0700","caller":"middleware/genAPI.go:59","msg":"API documentation generated successfully"}
{"level":"INFO","ts":"2025-05-15T15:12:24.403+0700","caller":"service/product.service.go:93","msg":"GetProductByID","id":1}
{"level":"INFO","ts":"2025-05-15T21:09:05.335+0700","caller":"initialize/logger.go:14","msg":"Logger initialized successfully","filepath":"./storage/logs/app.log"}
{"level":"WARN","ts":"2025-05-15T21:09:05.335+0700","caller":"initialize/logger.go:17","msg":"This is a warning message"}
{"level":"ERROR","ts":"2025-05-15T21:09:05.335+0700","caller":"initialize/logger.go:18","msg":"This is an error message for testing","stacktrace":"GOLANG/github.com/HwuuPhuc0904/backend-api/internal/initialize.InitLogger\n\t/home/perdokcat/GolangEcomerce/Go_backend_ecommerce/backend-api/internal/initialize/logger.go:18\nGOLANG/github.com/HwuuPhuc0904/backend-api/internal/initialize.Run\n\t/home/perdokcat/GolangEcomerce/Go_backend_ecommerce/backend-api/internal/initialize/run.go:11\nmain.main\n\t/home/perdokcat/GolangEcomerce/Go_backend_ecommerce/backend-api/cmd/server/main.go:9\nruntime.main\n\t/home/perdokcat/go/pkg/mod/golang.org/toolchain@v0.0.1-go1.23.5.linux-amd64/src/runtime/proc.go:272"}
{"level":"INFO","ts":"2025-05-15T21:09:05.337+0700","caller":"initialize/mysql.go:75","msg":"Connected to MySQL database successfully"}
{"level":"INFO","ts":"2025-05-15T21:09:05.337+0700","caller":"migrations/migration.go:12","msg":"Running database migrations..."}
{"level":"INFO","ts":"2025-05-15T21:09:05.434+0700","caller":"migrations/migration.go:30","msg":"Database migration completed successfully"}
{"level":"INFO","ts":"2025-05-15T21:09:05.435+0700","caller":"middleware/genAPI.go:59","msg":"API documentation generated successfully"}
{"level":"INFO","ts":"2025-05-15T22:23:07.261+0700","caller":"service/product.service.go:93","msg":"GetProductByID","id":1}
{"level":"INFO","ts":"2025-05-15T23:02:45.010+0700","caller":"service/product.service.go:93","msg":"GetProductByID","id":1}
{"level":"INFO","ts":"2025-05-15T23:02:46.043+0700","caller":"service/product.service.go:93","msg":"GetProductByID","id":1}
{"level":"INFO","ts":"2025-05-15T23:02:47.155+0700","caller":"service/product.service.go:93","msg":"GetProductByID","id":1}
{"level":"INFO","ts":"2025-05-15T23:03:23.218+0700","caller":"service/product.service.go:93","msg":"GetProductByID","id":1}
{"level":"INFO","ts":"2025-05-15T23:05:40.940+0700","caller":"service/product.service.go:93","msg":"GetProductByID","id":1}
{"level":"INFO","ts":"2025-05-15T23:06:34.285+0700","caller":"service/product.service.go:93","msg":"GetProductByID","id":3}
{"level":"INFO","ts":"2025-05-15T23:07:03.112+0700","caller":"service/product.service.go:93","msg":"GetProductByID","id":16}
{"level":"INFO","ts":"2025-05-15T23:07:36.233+0700","caller":"service/product.service.go:93","msg":"GetProductByID","id":27}
{"level":"INFO","ts":"2025-05-15T23:11:21.953+0700","caller":"service/product.service.go:93","msg":"GetProductByID","id":20}
{"level":"INFO","ts":"2025-05-15T23:11:33.016+0700","caller":"service/product.service.go:93","msg":"GetProductByID","id":39}
{"level":"INFO","ts":"2025-05-15T23:11:46.916+0700","caller":"service/product.service.go:93","msg":"GetProductByID","id":8}
{"level":"INFO","ts":"2025-05-15T23:11:53.286+0700","caller":"service/product.service.go:93","msg":"GetProductByID","id":16}
{"level":"INFO","ts":"2025-05-15T23:14:16.848+0700","caller":"service/product.service.go:93","msg":"GetProductByID","id":169}
{"level":"INFO","ts":"2025-05-15T23:14:28.329+0700","caller":"service/product.service.go:93","msg":"GetProductByID","id":14}
{"level":"INFO","ts":"2025-05-15T23:14:51.197+0700","caller":"service/product.service.go:93","msg":"GetProductByID","id":48}
{"level":"INFO","ts":"2025-05-15T23:15:36.500+0700","caller":"service/product.service.go:93","msg":"GetProductByID","id":48}
{"level":"INFO","ts":"2025-05-15T23:17:52.285+0700","caller":"service/product.service.go:93","msg":"GetProductByID","id":20}
{"level":"INFO","ts":"2025-05-15T23:18:19.199+0700","caller":"service/product.service.go:93","msg":"GetProductByID","id":51}
{"level":"INFO","ts":"2025-05-15T23:19:05.933+0700","caller":"service/product.service.go:93","msg":"GetProductByID","id":12}
{"level":"INFO","ts":"2025-05-15T23:19:13.529+0700","caller":"service/product.service.go:93","msg":"GetProductByID","id":10}
{"level":"INFO","ts":"2025-05-15T23:19:39.599+0700","caller":"service/product.service.go:93","msg":"GetProductByID","id":10}
{"level":"INFO","ts":"2025-05-15T23:22:44.540+0700","caller":"service/product.service.go:93","msg":"GetProductByID","id":10}
{"level":"INFO","ts":"2025-05-15T23:23:02.570+0700","caller":"service/product.service.go:93","msg":"GetProductByID","id":3}
{"level":"INFO","ts":"2025-05-15T23:23:18.895+0700","caller":"service/product.service.go:93","msg":"GetProductByID","id":8}
{"level":"INFO","ts":"2025-05-15T23:23:24.170+0700","caller":"service/product.service.go:93","msg":"GetProductByID","id":11}
{"level":"INFO","ts":"2025-05-15T23:23:29.291+0700","caller":"service/product.service.go:93","msg":"GetProductByID","id":16}
{"level":"INFO","ts":"2025-05-15T23:23:41.888+0700","caller":"service/product.service.go:93","msg":"GetProductByID","id":1}
{"level":"INFO","ts":"2025-05-15T23:25:38.125+0700","caller":"service/product.service.go:93","msg":"GetProductByID","id":1}
{"level":"INFO","ts":"2025-05-15T23:26:46.047+0700","caller":"service/product.service.go:93","msg":"GetProductByID","id":1}
{"level":"INFO","ts":"2025-05-15T23:30:22.732+0700","caller":"service/product.service.go:93","msg":"GetProductByID","id":1}
{"level":"INFO","ts":"2025-05-15T23:31:07.047+0700","caller":"service/product.service.go:93","msg":"GetProductByID","id":1}
{"level":"INFO","ts":"2025-05-15T23:34:35.442+0700","caller":"service/product.service.go:93","msg":"GetProductByID","id":1}
{"level":"INFO","ts":"2025-05-15T23:35:16.914+0700","caller":"service/product.service.go:93","msg":"GetProductByID","id":2}
{"level":"INFO","ts":"2025-05-15T23:45:45.466+0700","caller":"service/product.service.go:93","msg":"GetProductByID","id":1}
{"level":"INFO","ts":"2025-05-15T23:46:00.245+0700","caller":"service/product.service.go:93","msg":"GetProductByID","id":1}
{"level":"INFO","ts":"2025-05-15T23:46:51.718+0700","caller":"service/product.service.go:93","msg":"GetProductByID","id":1}
{"level":"INFO","ts":"2025-05-15T23:49:54.949+0700","caller":"service/product.service.go:93","msg":"GetProductByID","id":2}
{"level":"INFO","ts":"2025-05-15T23:56:26.604+0700","caller":"service/product.service.go:93","msg":"GetProductByID","id":2}
{"level":"INFO","ts":"2025-05-15T23:56:26.708+0700","caller":"service/product.service.go:93","msg":"GetProductByID","id":1}
{"level":"INFO","ts":"2025-05-15T23:59:03.676+0700","caller":"service/product.service.go:93","msg":"GetProductByID","id":2}
{"level":"INFO","ts":"2025-05-16T00:02:47.204+0700","caller":"service/product.service.go:93","msg":"GetProductByID","id":1}
{"level":"INFO","ts":"2025-05-16T00:02:51.199+0700","caller":"service/product.service.go:93","msg":"GetProductByID","id":1}
{"level":"INFO","ts":"2025-05-16T00:06:00.553+0700","caller":"service/product.service.go:93","msg":"GetProductByID","id":1}
{"level":"INFO","ts":"2025-05-16T00:11:43.567+0700","caller":"service/product.service.go:93","msg":"GetProductByID","id":1}
{"level":"INFO","ts":"2025-05-16T00:12:50.638+0700","caller":"service/product.service.go:93","msg":"GetProductByID","id":1}
{"level":"INFO","ts":"2025-05-16T00:14:15.322+0700","caller":"service/product.service.go:93","msg":"GetProductByID","id":1}
{"level":"INFO","ts":"2025-05-16T00:14:35.803+0700","caller":"service/product.service.go:93","msg":"GetProductByID","id":2}
{"level":"INFO","ts":"2025-05-16T00:15:40.212+0700","caller":"service/product.service.go:93","msg":"GetProductByID","id":2}
{"level":"INFO","ts":"2025-05-16T00:15:45.946+0700","caller":"service/product.service.go:93","msg":"GetProductByID","id":1}
{"level":"INFO","ts":"2025-05-16T00:15:49.938+0700","caller":"service/product.service.go:93","msg":"GetProductByID","id":1}
{"level":"INFO","ts":"2025-05-16T15:39:23.877+0700","caller":"initialize/logger.go:14","msg":"Logger initialized successfully","filepath":"./storage/logs/app.log"}
{"level":"WARN","ts":"2025-05-16T15:39:23.878+0700","caller":"initialize/logger.go:17","msg":"This is a warning message"}
{"level":"ERROR","ts":"2025-05-16T15:39:23.878+0700","caller":"initialize/logger.go:18","msg":"This is an error message for testing","stacktrace":"GOLANG/github.com/HwuuPhuc0904/backend-api/internal/initialize.InitLogger\n\t/home/perdokcat/GolangEcomerce/Go_backend_ecommerce/backend-api/internal/initialize/logger.go:18\nGOLANG/github.com/HwuuPhuc0904/backend-api/internal/initialize.Run\n\t/home/perdokcat/GolangEcomerce/Go_backend_ecommerce/backend-api/internal/initialize/run.go:11\nmain.main\n\t/home/perdokcat/GolangEcomerce/Go_backend_ecommerce/backend-api/cmd/server/main.go:9\nruntime.main\n\t/home/perdokcat/go/pkg/mod/golang.org/toolchain@v0.0.1-go1.23.5.linux-amd64/src/runtime/proc.go:272"}
{"level":"INFO","ts":"2025-05-16T15:39:23.883+0700","caller":"initialize/mysql.go:75","msg":"Connected to MySQL database successfully"}
{"level":"INFO","ts":"2025-05-16T15:39:23.883+0700","caller":"migrations/migration.go:12","msg":"Running database migrations..."}
{"level":"INFO","ts":"2025-05-16T15:39:24.053+0700","caller":"migrations/migration.go:30","msg":"Database migration completed successfully"}
{"level":"INFO","ts":"2025-05-16T15:39:24.054+0700","caller":"middleware/genAPI.go:59","msg":"API documentation generated successfully"}
{"level":"INFO","ts":"2025-05-16T15:47:14.223+0700","caller":"service/product.service.go:93","msg":"GetProductByID","id":1}
{"level":"INFO","ts":"2025-05-16T15:47:15.859+0700","caller":"service/product.service.go:93","msg":"GetProductByID","id":1}
{"level":"INFO","ts":"2025-05-16T15:47:16.783+0700","caller":"service/product.service.go:93","msg":"GetProductByID","id":1}
{"level":"INFO","ts":"2025-05-16T15:47:17.609+0700","caller":"service/product.service.go:93","msg":"GetProductByID","id":1}
{"level":"INFO","ts":"2025-05-16T15:47:19.138+0700","caller":"service/product.service.go:93","msg":"GetProductByID","id":1}
{"level":"INFO","ts":"2025-05-16T15:53:13.987+0700","caller":"service/product.service.go:93","msg":"GetProductByID","id":1}
{"level":"INFO","ts":"2025-05-16T16:13:37.521+0700","caller":"initialize/logger.go:14","msg":"Logger initialized successfully","filepath":"./storage/logs/app.log"}
{"level":"WARN","ts":"2025-05-16T16:13:37.521+0700","caller":"initialize/logger.go:17","msg":"This is a warning message"}
{"level":"ERROR","ts":"2025-05-16T16:13:37.521+0700","caller":"initialize/logger.go:18","msg":"This is an error message for testing","stacktrace":"GOLANG/github.com/HwuuPhuc0904/backend-api/internal/initialize.InitLogger\n\t/home/perdokcat/GolangEcomerce/Go_backend_ecommerce/backend-api/internal/initialize/logger.go:18\nGOLANG/github.com/HwuuPhuc0904/backend-api/internal/initialize.Run\n\t/home/perdokcat/GolangEcomerce/Go_backend_ecommerce/backend-api/internal/initialize/run.go:11\nmain.main\n\t/home/perdokcat/GolangEcomerce/Go_backend_ecommerce/backend-api/cmd/server/main.go:9\nruntime.main\n\t/home/perdokcat/go/pkg/mod/golang.org/toolchain@v0.0.1-go1.23.5.linux-amd64/src/runtime/proc.go:272"}
{"level":"INFO","ts":"2025-05-16T16:13:37.523+0700","caller":"initialize/mysql.go:75","msg":"Connected to MySQL database successfully"}
{"level":"INFO","ts":"2025-05-16T16:13:37.523+0700","caller":"migrations/migration.go:12","msg":"Running database migrations..."}
{"level":"INFO","ts":"2025-05-16T16:13:37.622+0700","caller":"migrations/migration.go:30","msg":"Database migration completed successfully"}
{"level":"INFO","ts":"2025-05-16T16:13:37.624+0700","caller":"middleware/genAPI.go:59","msg":"API documentation generated successfully"}
{"level":"INFO","ts":"2025-05-16T16:16:15.987+0700","caller":"initialize/logger.go:14","msg":"Logger initialized successfully","filepath":"./storage/logs/app.log"}
{"level":"WARN","ts":"2025-05-16T16:16:15.987+0700","caller":"initialize/logger.go:17","msg":"This is a warning message"}
{"level":"ERROR","ts":"2025-05-16T16:16:15.987+0700","caller":"initialize/logger.go:18","msg":"This is an error message for testing","stacktrace":"GOLANG/github.com/HwuuPhuc0904/backend-api/internal/initialize.InitLogger\n\t/home/perdokcat/GolangEcomerce/Go_backend_ecommerce/backend-api/internal/initialize/logger.go:18\nGOLANG/github.com/HwuuPhuc0904/backend-api/internal/initialize.Run\n\t/home/perdokcat/GolangEcomerce/Go_backend_ecommerce/backend-api/internal/initialize/run.go:11\nmain.main\n\t/home/perdokcat/GolangEcomerce/Go_backend_ecommerce/backend-api/cmd/server/main.go:9\nruntime.main\n\t/home/perdokcat/go/pkg/mod/golang.org/toolchain@v0.0.1-go1.23.5.linux-amd64/src/runtime/proc.go:272"}
{"level":"INFO","ts":"2025-05-16T16:16:15.989+0700","caller":"initialize/mysql.go:75","msg":"Connected to MySQL database successfully"}
{"level":"INFO","ts":"2025-05-16T16:16:15.989+0700","caller":"migrations/migration.go:12","msg":"Running database migrations..."}
{"level":"INFO","ts":"2025-05-16T16:16:16.085+0700","caller":"migrations/migration.go:30","msg":"Database migration completed successfully"}
{"level":"INFO","ts":"2025-05-16T16:16:16.085+0700","caller":"middleware/genAPI.go:59","msg":"API documentation generated successfully"}
{"level":"INFO","ts":"2025-05-16T16:22:12.484+0700","caller":"service/product.service.go:93","msg":"GetProductByID","id":1}
{"level":"INFO","ts":"2025-05-16T16:40:32.911+0700","caller":"service/product.service.go:93","msg":"GetProductByID","id":1}
{"level":"INFO","ts":"2025-05-16T16:47:20.155+0700","caller":"service/product.service.go:93","msg":"GetProductByID","id":18}
{"level":"INFO","ts":"2025-05-16T16:48:03.902+0700","caller":"service/product.service.go:93","msg":"GetProductByID","id":18}
{"level":"INFO","ts":"2025-05-16T16:48:11.664+0700","caller":"service/product.service.go:93","msg":"GetProductByID","id":1}
{"level":"INFO","ts":"2025-05-16T16:48:16.481+0700","caller":"service/product.service.go:93","msg":"GetProductByID","id":2}
{"level":"INFO","ts":"2025-05-16T16:48:23.440+0700","caller":"service/product.service.go:93","msg":"GetProductByID","id":3}
{"level":"INFO","ts":"2025-05-16T16:48:28.928+0700","caller":"service/product.service.go:93","msg":"GetProductByID","id":12}
{"level":"INFO","ts":"2025-05-16T16:51:37.590+0700","caller":"service/product.service.go:93","msg":"GetProductByID","id":1}
{"level":"INFO","ts":"2025-05-16T16:55:05.772+0700","caller":"service/product.service.go:93","msg":"GetProductByID","id":12}
{"level":"INFO","ts":"2025-05-16T16:55:13.350+0700","caller":"service/product.service.go:93","msg":"GetProductByID","id":12}
{"level":"INFO","ts":"2025-05-16T16:55:21.858+0700","caller":"service/product.service.go:93","msg":"GetProductByID","id":12}
{"level":"INFO","ts":"2025-05-16T16:55:34.270+0700","caller":"service/product.service.go:93","msg":"GetProductByID","id":12}
{"level":"INFO","ts":"2025-05-16T16:56:01.372+0700","caller":"service/product.service.go:93","msg":"GetProductByID","id":12}
{"level":"INFO","ts":"2025-05-16T16:56:28.716+0700","caller":"service/product.service.go:93","msg":"GetProductByID","id":12}
{"level":"INFO","ts":"2025-05-16T16:56:45.344+0700","caller":"service/product.service.go:93","msg":"GetProductByID","id":1}
{"level":"INFO","ts":"2025-05-16T16:57:22.638+0700","caller":"service/product.service.go:93","msg":"GetProductByID","id":9}
{"level":"INFO","ts":"2025-05-16T16:58:05.804+0700","caller":"service/product.service.go:93","msg":"GetProductByID","id":7}
{"level":"INFO","ts":"2025-05-16T16:58:18.083+0700","caller":"service/product.service.go:93","msg":"GetProductByID","id":4}
{"level":"INFO","ts":"2025-05-16T17:10:55.159+0700","caller":"service/product.service.go:93","msg":"GetProductByID","id":11}
{"level":"INFO","ts":"2025-05-16T17:13:13.917+0700","caller":"service/product.service.go:93","msg":"GetProductByID","id":2}
{"level":"INFO","ts":"2025-05-16T17:16:38.622+0700","caller":"service/product.service.go:93","msg":"GetProductByID","id":2}
{"level":"INFO","ts":"2025-05-16T17:16:44.252+0700","caller":"service/product.service.go:93","msg":"GetProductByID","id":2}
{"level":"INFO","ts":"2025-05-16T17:16:49.807+0700","caller":"service/product.service.go:93","msg":"GetProductByID","id":8}
{"level":"INFO","ts":"2025-05-16T17:17:09.241+0700","caller":"service/product.service.go:93","msg":"GetProductByID","id":9}
{"level":"INFO","ts":"2025-05-16T17:17:23.781+0700","caller":"service/product.service.go:93","msg":"GetProductByID","id":14}
{"level":"INFO","ts":"2025-05-16T17:26:17.400+0700","caller":"service/product.service.go:93","msg":"GetProductByID","id":6}
{"level":"INFO","ts":"2025-05-17T19:58:52.942+0700","caller":"initialize/logger.go:14","msg":"Logger initialized successfully","filepath":"./storage/logs/app.log"}
{"level":"WARN","ts":"2025-05-17T19:58:52.942+0700","caller":"initialize/logger.go:17","msg":"This is a warning message"}
{"level":"ERROR","ts":"2025-05-17T19:58:52.943+0700","caller":"initialize/logger.go:18","msg":"This is an error message for testing","stacktrace":"GOLANG/github.com/HwuuPhuc0904/backend-api/internal/initialize.InitLogger\n\t/home/perdokcat/GolangEcomerce/Go_backend_ecommerce/backend-api/internal/initialize/logger.go:18\nGOLANG/github.com/HwuuPhuc0904/backend-api/internal/initialize.Run\n\t/home/perdokcat/GolangEcomerce/Go_backend_ecommerce/backend-api/internal/initialize/run.go:11\nmain.main\n\t/home/perdokcat/GolangEcomerce/Go_backend_ecommerce/backend-api/cmd/server/main.go:9\nruntime.main\n\t/home/perdokcat/go/pkg/mod/golang.org/toolchain@v0.0.1-go1.23.5.linux-amd64/src/runtime/proc.go:272"}
{"level":"INFO","ts":"2025-05-17T19:58:52.944+0700","caller":"initialize/mysql.go:75","msg":"Connected to MySQL database successfully"}
{"level":"INFO","ts":"2025-05-17T19:58:52.944+0700","caller":"migrations/migration.go:12","msg":"Running database migrations..."}
{"level":"INFO","ts":"2025-05-17T19:58:53.024+0700","caller":"migrations/migration.go:30","msg":"Database migration completed successfully"}
{"level":"INFO","ts":"2025-05-17T19:58:53.024+0700","caller":"middleware/genAPI.go:59","msg":"API documentation generated successfully"}
{"level":"INFO","ts":"2025-05-17T20:02:10.546+0700","caller":"service/product.service.go:93","msg":"GetProductByID","id":191}
{"level":"INFO","ts":"2025-05-17T20:02:39.961+0700","caller":"service/product.service.go:93","msg":"GetProductByID","id":191}
{"level":"INFO","ts":"2025-05-17T20:02:44.243+0700","caller":"service/product.service.go:93","msg":"GetProductByID","id":192}
{"level":"INFO","ts":"2025-05-17T21:58:00.384+0700","caller":"service/product.service.go:93","msg":"GetProductByID","id":195}
{"level":"INFO","ts":"2025-05-17T21:58:54.118+0700","caller":"service/product.service.go:93","msg":"GetProductByID","id":1}
{"level":"ERROR","ts":"2025-05-17T21:58:54.119+0700","caller":"controller/product.controller.go:129","msg":"Failed to get product","error":"product not found","id":"1","stacktrace":"GOLANG/github.com/HwuuPhuc0904/backend-api/internal/controller.(*ProductController).GetProductByID\n\t/home/perdokcat/GolangEcomerce/Go_backend_ecommerce/backend-api/internal/controller/product.controller.go:129\ngithub.com/gin-gonic/gin.(*Context).Next\n\t/home/perdokcat/go/pkg/mod/github.com/gin-gonic/gin@v1.10.0/context.go:185\ngithub.com/gin-gonic/gin.CustomRecoveryWithWriter.func1\n\t/home/perdokcat/go/pkg/mod/github.com/gin-gonic/gin@v1.10.0/recovery.go:102\ngithub.com/gin-gonic/gin.(*Context).Next\n\t/home/perdokcat/go/pkg/mod/github.com/gin-gonic/gin@v1.10.0/context.go:185\ngithub.com/gin-gonic/gin.LoggerWithConfig.func1\n\t/home/perdokcat/go/pkg/mod/github.com/gin-gonic/gin@v1.10.0/logger.go:249\ngithub.com/gin-gonic/gin.(*Context).Next\n\t/home/perdokcat/go/pkg/mod/github.com/gin-gonic/gin@v1.10.0/context.go:185\ngithub.com/gin-gonic/gin.(*Engine).handleHTTPRequest\n\t/home/perdokcat/go/pkg/mod/github.com/gin-gonic/gin@v1.10.0/gin.go:633\ngithub.com/gin-gonic/gin.(*Engine).ServeHTTP\n\t/home/perdokcat/go/pkg/mod/github.com/gin-gonic/gin@v1.10.0/gin.go:589\nnet/http.serverHandler.ServeHTTP\n\t/home/perdokcat/go/pkg/mod/golang.org/toolchain@v0.0.1-go1.23.5.linux-amd64/src/net/http/server.go:3210\nnet/http.(*conn).serve\n\t/home/perdokcat/go/pkg/mod/golang.org/toolchain@v0.0.1-go1.23.5.linux-amd64/src/net/http/server.go:2092"}
{"level":"INFO","ts":"2025-05-17T21:59:01.531+0700","caller":"service/product.service.go:93","msg":"GetProductByID","id":191}
{"level":"INFO","ts":"2025-05-17T21:59:04.849+0700","caller":"service/product.service.go:93","msg":"GetProductByID","id":1}
{"level":"ERROR","ts":"2025-05-17T21:59:04.850+0700","caller":"controller/product.controller.go:129","msg":"Failed to get product","error":"product not found","id":"1","stacktrace":"GOLANG/github.com/HwuuPhuc0904/backend-api/internal/controller.(*ProductController).GetProductByID\n\t/home/perdokcat/GolangEcomerce/Go_backend_ecommerce/backend-api/internal/controller/product.controller.go:129\ngithub.com/gin-gonic/gin.(*Context).Next\n\t/home/perdokcat/go/pkg/mod/github.com/gin-gonic/gin@v1.10.0/context.go:185\ngithub.com/gin-gonic/gin.CustomRecoveryWithWriter.func1\n\t/home/perdokcat/go/pkg/mod/github.com/gin-gonic/gin@v1.10.0/recovery.go:102\ngithub.com/gin-gonic/gin.(*Context).Next\n\t/home/perdokcat/go/pkg/mod/github.com/gin-gonic/gin@v1.10.0/context.go:185\ngithub.com/gin-gonic/gin.LoggerWithConfig.func1\n\t/home/perdokcat/go/pkg/mod/github.com/gin-gonic/gin@v1.10.0/logger.go:249\ngithub.com/gin-gonic/gin.(*Context).Next\n\t/home/perdokcat/go/pkg/mod/github.com/gin-gonic/gin@v1.10.0/context.go:185\ngithub.com/gin-gonic/gin.(*Engine).handleHTTPRequest\n\t/home/perdokcat/go/pkg/mod/github.com/gin-gonic/gin@v1.10.0/gin.go:633\ngithub.com/gin-gonic/gin.(*Engine).ServeHTTP\n\t/home/perdokcat/go/pkg/mod/github.com/gin-gonic/gin@v1.10.0/gin.go:589\nnet/http.serverHandler.ServeHTTP\n\t/home/perdokcat/go/pkg/mod/golang.org/toolchain@v0.0.1-go1.23.5.linux-amd64/src/net/http/server.go:3210\nnet/http.(*conn).serve\n\t/home/perdokcat/go/pkg/mod/golang.org/toolchain@v0.0.1-go1.23.5.linux-amd64/src/net/http/server.go:2092"}
{"level":"INFO","ts":"2025-05-17T22:01:56.253+0700","caller":"service/product.service.go:93","msg":"GetProductByID","id":1}
{"level":"ERROR","ts":"2025-05-17T22:01:56.254+0700","caller":"controller/product.controller.go:129","msg":"Failed to get product","error":"product not found","id":"1","stacktrace":"GOLANG/github.com/HwuuPhuc0904/backend-api/internal/controller.(*ProductController).GetProductByID\n\t/home/perdokcat/GolangEcomerce/Go_backend_ecommerce/backend-api/internal/controller/product.controller.go:129\ngithub.com/gin-gonic/gin.(*Context).Next\n\t/home/perdokcat/go/pkg/mod/github.com/gin-gonic/gin@v1.10.0/context.go:185\ngithub.com/gin-gonic/gin.CustomRecoveryWithWriter.func1\n\t/home/perdokcat/go/pkg/mod/github.com/gin-gonic/gin@v1.10.0/recovery.go:102\ngithub.com/gin-gonic/gin.(*Context).Next\n\t/home/perdokcat/go/pkg/mod/github.com/gin-gonic/gin@v1.10.0/context.go:185\ngithub.com/gin-gonic/gin.LoggerWithConfig.func1\n\t/home/perdokcat/go/pkg/mod/github.com/gin-gonic/gin@v1.10.0/logger.go:249\ngithub.com/gin-gonic/gin.(*Context).Next\n\t/home/perdokcat/go/pkg/mod/github.com/gin-gonic/gin@v1.10.0/context.go:185\ngithub.com/gin-gonic/gin.(*Engine).handleHTTPRequest\n\t/home/perdokcat/go/pkg/mod/github.com/gin-gonic/gin@v1.10.0/gin.go:633\ngithub.com/gin-gonic/gin.(*Engine).ServeHTTP\n\t/home/perdokcat/go/pkg/mod/github.com/gin-gonic/gin@v1.10.0/gin.go:589\nnet/http.serverHandler.ServeHTTP\n\t/home/perdokcat/go/pkg/mod/golang.org/toolchain@v0.0.1-go1.23.5.linux-amd64/src/net/http/server.go:3210\nnet/http.(*conn).serve\n\t/home/perdokcat/go/pkg/mod/golang.org/toolchain@v0.0.1-go1.23.5.linux-amd64/src/net/http/server.go:2092"}
{"level":"INFO","ts":"2025-05-17T22:02:38.495+0700","caller":"service/product.service.go:93","msg":"GetProductByID","id":192}
{"level":"INFO","ts":"2025-05-17T22:12:48.139+0700","caller":"service/product.service.go:93","msg":"GetProductByID","id":1}
{"level":"ERROR","ts":"2025-05-17T22:12:48.140+0700","caller":"controller/product.controller.go:129","msg":"Failed to get product","error":"product not found","id":"1","stacktrace":"GOLANG/github.com/HwuuPhuc0904/backend-api/internal/controller.(*ProductController).GetProductByID\n\t/home/perdokcat/GolangEcomerce/Go_backend_ecommerce/backend-api/internal/controller/product.controller.go:129\ngithub.com/gin-gonic/gin.(*Context).Next\n\t/home/perdokcat/go/pkg/mod/github.com/gin-gonic/gin@v1.10.0/context.go:185\ngithub.com/gin-gonic/gin.CustomRecoveryWithWriter.func1\n\t/home/perdokcat/go/pkg/mod/github.com/gin-gonic/gin@v1.10.0/recovery.go:102\ngithub.com/gin-gonic/gin.(*Context).Next\n\t/home/perdokcat/go/pkg/mod/github.com/gin-gonic/gin@v1.10.0/context.go:185\ngithub.com/gin-gonic/gin.LoggerWithConfig.func1\n\t/home/perdokcat/go/pkg/mod/github.com/gin-gonic/gin@v1.10.0/logger.go:249\ngithub.com/gin-gonic/gin.(*Context).Next\n\t/home/perdokcat/go/pkg/mod/github.com/gin-gonic/gin@v1.10.0/context.go:185\ngithub.com/gin-gonic/gin.(*Engine).handleHTTPRequest\n\t/home/perdokcat/go/pkg/mod/github.com/gin-gonic/gin@v1.10.0/gin.go:633\ngithub.com/gin-gonic/gin.(*Engine).ServeHTTP\n\t/home/perdokcat/go/pkg/mod/github.com/gin-gonic/gin@v1.10.0/gin.go:589\nnet/http.serverHandler.ServeHTTP\n\t/home/perdokcat/go/pkg/mod/golang.org/toolchain@v0.0.1-go1.23.5.linux-amd64/src/net/http/server.go:3210\nnet/http.(*conn).serve\n\t/home/perdokcat/go/pkg/mod/golang.org/toolchain@v0.0.1-go1.23.5.linux-amd64/src/net/http/server.go:2092"}
{"level":"INFO","ts":"2025-05-17T22:12:54.973+0700","caller":"service/product.service.go:93","msg":"GetProductByID","id":192}
{"level":"INFO","ts":"2025-05-17T22:13:42.464+0700","caller":"service/product.service.go:93","msg":"GetProductByID","id":1}
{"level":"ERROR","ts":"2025-05-17T22:13:42.465+0700","caller":"controller/product.controller.go:129","msg":"Failed to get product","error":"product not found","id":"1","stacktrace":"GOLANG/github.com/HwuuPhuc0904/backend-api/internal/controller.(*ProductController).GetProductByID\n\t/home/perdokcat/GolangEcomerce/Go_backend_ecommerce/backend-api/internal/controller/product.controller.go:129\ngithub.com/gin-gonic/gin.(*Context).Next\n\t/home/perdokcat/go/pkg/mod/github.com/gin-gonic/gin@v1.10.0/context.go:185\ngithub.com/gin-gonic/gin.CustomRecoveryWithWriter.func1\n\t/home/perdokcat/go/pkg/mod/github.com/gin-gonic/gin@v1.10.0/recovery.go:102\ngithub.com/gin-gonic/gin.(*Context).Next\n\t/home/perdokcat/go/pkg/mod/github.com/gin-gonic/gin@v1.10.0/context.go:185\ngithub.com/gin-gonic/gin.LoggerWithConfig.func1\n\t/home/perdokcat/go/pkg/mod/github.com/gin-gonic/gin@v1.10.0/logger.go:249\ngithub.com/gin-gonic/gin.(*Context).Next\n\t/home/perdokcat/go/pkg/mod/github.com/gin-gonic/gin@v1.10.0/context.go:185\ngithub.com/gin-gonic/gin.(*Engine).handleHTTPRequest\n\t/home/perdokcat/go/pkg/mod/github.com/gin-gonic/gin@v1.10.0/gin.go:633\ngithub.com/gin-gonic/gin.(*Engine).ServeHTTP\n\t/home/perdokcat/go/pkg/mod/github.com/gin-gonic/gin@v1.10.0/gin.go:589\nnet/http.serverHandler.ServeHTTP\n\t/home/perdokcat/go/pkg/mod/golang.org/toolchain@v0.0.1-go1.23.5.linux-amd64/src/net/http/server.go:3210\nnet/http.(*conn).serve\n\t/home/perdokcat/go/pkg/mod/golang.org/toolchain@v0.0.1-go1.23.5.linux-amd64/src/net/http/server.go:2092"}
{"level":"INFO","ts":"2025-05-17T22:13:44.264+0700","caller":"service/product.service.go:93","msg":"GetProductByID","id":1}
{"level":"ERROR","ts":"2025-05-17T22:13:44.265+0700","caller":"controller/product.controller.go:129","msg":"Failed to get product","error":"product not found","id":"1","stacktrace":"GOLANG/github.com/HwuuPhuc0904/backend-api/internal/controller.(*ProductController).GetProductByID\n\t/home/perdokcat/GolangEcomerce/Go_backend_ecommerce/backend-api/internal/controller/product.controller.go:129\ngithub.com/gin-gonic/gin.(*Context).Next\n\t/home/perdokcat/go/pkg/mod/github.com/gin-gonic/gin@v1.10.0/context.go:185\ngithub.com/gin-gonic/gin.CustomRecoveryWithWriter.func1\n\t/home/perdokcat/go/pkg/mod/github.com/gin-gonic/gin@v1.10.0/recovery.go:102\ngithub.com/gin-gonic/gin.(*Context).Next\n\t/home/perdokcat/go/pkg/mod/github.com/gin-gonic/gin@v1.10.0/context.go:185\ngithub.com/gin-gonic/gin.LoggerWithConfig.func1\n\t/home/perdokcat/go/pkg/mod/github.com/gin-gonic/gin@v1.10.0/logger.go:249\ngithub.com/gin-gonic/gin.(*Context).Next\n\t/home/perdokcat/go/pkg/mod/github.com/gin-gonic/gin@v1.10.0/context.go:185\ngithub.com/gin-gonic/gin.(*Engine).handleHTTPRequest\n\t/home/perdokcat/go/pkg/mod/github.com/gin-gonic/gin@v1.10.0/gin.go:633\ngithub.com/gin-gonic/gin.(*Engine).ServeHTTP\n\t/home/perdokcat/go/pkg/mod/github.com/gin-gonic/gin@v1.10.0/gin.go:589\nnet/http.serverHandler.ServeHTTP\n\t/home/perdokcat/go/pkg/mod/golang.org/toolchain@v0.0.1-go1.23.5.linux-amd64/src/net/http/server.go:3210\nnet/http.(*conn).serve\n\t/home/perdokcat/go/pkg/mod/golang.org/toolchain@v0.0.1-go1.23.5.linux-amd64/src/net/http/server.go:2092"}
{"level":"INFO","ts":"2025-05-17T22:13:58.349+0700","caller":"service/product.service.go:93","msg":"GetProductByID","id":1}
{"level":"ERROR","ts":"2025-05-17T22:13:58.350+0700","caller":"controller/product.controller.go:129","msg":"Failed to get product","error":"product not found","id":"1","stacktrace":"GOLANG/github.com/HwuuPhuc0904/backend-api/internal/controller.(*ProductController).GetProductByID\n\t/home/perdokcat/GolangEcomerce/Go_backend_ecommerce/backend-api/internal/controller/product.controller.go:129\ngithub.com/gin-gonic/gin.(*Context).Next\n\t/home/perdokcat/go/pkg/mod/github.com/gin-gonic/gin@v1.10.0/context.go:185\ngithub.com/gin-gonic/gin.CustomRecoveryWithWriter.func1\n\t/home/perdokcat/go/pkg/mod/github.com/gin-gonic/gin@v1.10.0/recovery.go:102\ngithub.com/gin-gonic/gin.(*Context).Next\n\t/home/perdokcat/go/pkg/mod/github.com/gin-gonic/gin@v1.10.0/context.go:185\ngithub.com/gin-gonic/gin.LoggerWithConfig.func1\n\t/home/perdokcat/go/pkg/mod/github.com/gin-gonic/gin@v1.10.0/logger.go:249\ngithub.com/gin-gonic/gin.(*Context).Next\n\t/home/perdokcat/go/pkg/mod/github.com/gin-gonic/gin@v1.10.0/context.go:185\ngithub.com/gin-gonic/gin.(*Engine).handleHTTPRequest\n\t/home/perdokcat/go/pkg/mod/github.com/gin-gonic/gin@v1.10.0/gin.go:633\ngithub.com/gin-gonic/gin.(*Engine).ServeHTTP\n\t/home/perdokcat/go/pkg/mod/github.com/gin-gonic/gin@v1.10.0/gin.go:589\nnet/http.serverHandler.ServeHTTP\n\t/home/perdokcat/go/pkg/mod/golang.org/toolchain@v0.0.1-go1.23.5.linux-amd64/src/net/http/server.go:3210\nnet/http.(*conn).serve\n\t/home/perdokcat/go/pkg/mod/golang.org/toolchain@v0.0.1-go1.23.5.linux-amd64/src/net/http/server.go:2092"}
{"level":"INFO","ts":"2025-05-17T22:15:05.253+0700","caller":"service/product.service.go:93","msg":"GetProductByID","id":207}
{"level":"INFO","ts":"2025-05-17T22:15:41.400+0700","caller":"service/product.service.go:93","msg":"GetProductByID","id":207}
{"level":"INFO","ts":"2025-05-17T22:15:44.573+0700","caller":"service/product.service.go:93","msg":"GetProductByID","id":207}
{"level":"INFO","ts":"2025-05-17T22:15:52.773+0700","caller":"service/product.service.go:93","msg":"GetProductByID","id":207}
{"level":"INFO","ts":"2025-05-17T22:16:07.943+0700","caller":"service/product.service.go:93","msg":"GetProductByID","id":207}
{"level":"INFO","ts":"2025-05-17T22:16:09.560+0700","caller":"service/product.service.go:93","msg":"GetProductByID","id":207}
{"level":"INFO","ts":"2025-05-17T22:16:32.880+0700","caller":"service/product.service.go:93","msg":"GetProductByID","id":191}
{"level":"INFO","ts":"2025-05-17T22:16:47.348+0700","caller":"service/product.service.go:93","msg":"GetProductByID","id":191}
{"level":"INFO","ts":"2025-05-17T22:21:52.917+0700","caller":"service/product.service.go:93","msg":"GetProductByID","id":191}
{"level":"INFO","ts":"2025-05-17T22:23:04.904+0700","caller":"service/product.service.go:93","msg":"GetProductByID","id":12}
{"level":"ERROR","ts":"2025-05-17T22:23:04.905+0700","caller":"controller/product.controller.go:129","msg":"Failed to get product","error":"product not found","id":"12","stacktrace":"GOLANG/github.com/HwuuPhuc0904/backend-api/internal/controller.(*ProductController).GetProductByID\n\t/home/perdokcat/GolangEcomerce/Go_backend_ecommerce/backend-api/internal/controller/product.controller.go:129\ngithub.com/gin-gonic/gin.(*Context).Next\n\t/home/perdokcat/go/pkg/mod/github.com/gin-gonic/gin@v1.10.0/context.go:185\ngithub.com/gin-gonic/gin.CustomRecoveryWithWriter.func1\n\t/home/perdokcat/go/pkg/mod/github.com/gin-gonic/gin@v1.10.0/recovery.go:102\ngithub.com/gin-gonic/gin.(*Context).Next\n\t/home/perdokcat/go/pkg/mod/github.com/gin-gonic/gin@v1.10.0/context.go:185\ngithub.com/gin-gonic/gin.LoggerWithConfig.func1\n\t/home/perdokcat/go/pkg/mod/github.com/gin-gonic/gin@v1.10.0/logger.go:249\ngithub.com/gin-gonic/gin.(*Context).Next\n\t/home/perdokcat/go/pkg/mod/github.com/gin-gonic/gin@v1.10.0/context.go:185\ngithub.com/gin-gonic/gin.(*Engine).handleHTTPRequest\n\t/home/perdokcat/go/pkg/mod/github.com/gin-gonic/gin@v1.10.0/gin.go:633\ngithub.com/gin-gonic/gin.(*Engine).ServeHTTP\n\t/home/perdokcat/go/pkg/mod/github.com/gin-gonic/gin@v1.10.0/gin.go:589\nnet/http.serverHandler.ServeHTTP\n\t/home/perdokcat/go/pkg/mod/golang.org/toolchain@v0.0.1-go1.23.5.linux-amd64/src/net/http/server.go:3210\nnet/http.(*conn).serve\n\t/home/perdokcat/go/pkg/mod/golang.org/toolchain@v0.0.1-go1.23.5.linux-amd64/src/net/http/server.go:2092"}
{"level":"INFO","ts":"2025-05-17T22:23:06.780+0700","caller":"service/product.service.go:93","msg":"GetProductByID","id":12}
{"level":"ERROR","ts":"2025-05-17T22:23:06.781+0700","caller":"controller/product.controller.go:129","msg":"Failed to get product","error":"product not found","id":"12","stacktrace":"GOLANG/github.com/HwuuPhuc0904/backend-api/internal/controller.(*ProductController).GetProductByID\n\t/home/perdokcat/GolangEcomerce/Go_backend_ecommerce/backend-api/internal/controller/product.controller.go:129\ngithub.com/gin-gonic/gin.(*Context).Next\n\t/home/perdokcat/go/pkg/mod/github.com/gin-gonic/gin@v1.10.0/context.go:185\ngithub.com/gin-gonic/gin.CustomRecoveryWithWriter.func1\n\t/home/perdokcat/go/pkg/mod/github.com/gin-gonic/gin@v1.10.0/recovery.go:102\ngithub.com/gin-gonic/gin.(*Context).Next\n\t/home/perdokcat/go/pkg/mod/github.com/gin-gonic/gin@v1.10.0/context.go:185\ngithub.com/gin-gonic/gin.LoggerWithConfig.func1\n\t/home/perdokcat/go/pkg/mod/github.com/gin-gonic/gin@v1.10.0/logger.go:249\ngithub.com/gin-gonic/gin.(*Context).Next\n\t/home/perdokcat/go/pkg/mod/github.com/gin-gonic/gin@v1.10.0/context.go:185\ngithub.com/gin-gonic/gin.(*Engine).handleHTTPRequest\n\t/home/perdokcat/go/pkg/mod/github.com/gin-gonic/gin@v1.10.0/gin.go:633\ngithub.com/gin-gonic/gin.(*Engine).ServeHTTP\n\t/home/perdokcat/go/pkg/mod/github.com/gin-gonic/gin@v1.10.0/gin.go:589\nnet/http.serverHandler.ServeHTTP\n\t/home/perdokcat/go/pkg/mod/golang.org/toolchain@v0.0.1-go1.23.5.linux-amd64/src/net/http/server.go:3210\nnet/http.(*conn).serve\n\t/home/perdokcat/go/pkg/mod/golang.org/toolchain@v0.0.1-go1.23.5.linux-amd64/src/net/http/server.go:2092"}
{"level":"INFO","ts":"2025-05-17T22:23:08.181+0700","caller":"service/product.service.go:93","msg":"GetProductByID","id":12}
{"level":"ERROR","ts":"2025-05-17T22:23:08.181+0700","caller":"controller/product.controller.go:129","msg":"Failed to get product","error":"product not found","id":"12","stacktrace":"GOLANG/github.com/HwuuPhuc0904/backend-api/internal/controller.(*ProductController).GetProductByID\n\t/home/perdokcat/GolangEcomerce/Go_backend_ecommerce/backend-api/internal/controller/product.controller.go:129\ngithub.com/gin-gonic/gin.(*Context).Next\n\t/home/perdokcat/go/pkg/mod/github.com/gin-gonic/gin@v1.10.0/context.go:185\ngithub.com/gin-gonic/gin.CustomRecoveryWithWriter.func1\n\t/home/perdokcat/go/pkg/mod/github.com/gin-gonic/gin@v1.10.0/recovery.go:102\ngithub.com/gin-gonic/gin.(*Context).Next\n\t/home/perdokcat/go/pkg/mod/github.com/gin-gonic/gin@v1.10.0/context.go:185\ngithub.com/gin-gonic/gin.LoggerWithConfig.func1\n\t/home/perdokcat/go/pkg/mod/github.com/gin-gonic/gin@v1.10.0/logger.go:249\ngithub.com/gin-gonic/gin.(*Context).Next\n\t/home/perdokcat/go/pkg/mod/github.com/gin-gonic/gin@v1.10.0/context.go:185\ngithub.com/gin-gonic/gin.(*Engine).handleHTTPRequest\n\t/home/perdokcat/go/pkg/mod/github.com/gin-gonic/gin@v1.10.0/gin.go:633\ngithub.com/gin-gonic/gin.(*Engine).ServeHTTP\n\t/home/perdokcat/go/pkg/mod/github.com/gin-gonic/gin@v1.10.0/gin.go:589\nnet/http.serverHandler.ServeHTTP\n\t/home/perdokcat/go/pkg/mod/golang.org/toolchain@v0.0.1-go1.23.5.linux-amd64/src/net/http/server.go:3210\nnet/http.(*conn).serve\n\t/home/perdokcat/go/pkg/mod/golang.org/toolchain@v0.0.1-go1.23.5.linux-amd64/src/net/http/server.go:2092"}
{"level":"INFO","ts":"2025-05-17T22:23:09.102+0700","caller":"service/product.service.go:93","msg":"GetProductByID","id":12}
{"level":"ERROR","ts":"2025-05-17T22:23:09.103+0700","caller":"controller/product.controller.go:129","msg":"Failed to get product","error":"product not found","id":"12","stacktrace":"GOLANG/github.com/HwuuPhuc0904/backend-api/internal/controller.(*ProductController).GetProductByID\n\t/home/perdokcat/GolangEcomerce/Go_backend_ecommerce/backend-api/internal/controller/product.controller.go:129\ngithub.com/gin-gonic/gin.(*Context).Next\n\t/home/perdokcat/go/pkg/mod/github.com/gin-gonic/gin@v1.10.0/context.go:185\ngithub.com/gin-gonic/gin.CustomRecoveryWithWriter.func1\n\t/home/perdokcat/go/pkg/mod/github.com/gin-gonic/gin@v1.10.0/recovery.go:102\ngithub.com/gin-gonic/gin.(*Context).Next\n\t/home/perdokcat/go/pkg/mod/github.com/gin-gonic/gin@v1.10.0/context.go:185\ngithub.com/gin-gonic/gin.LoggerWithConfig.func1\n\t/home/perdokcat/go/pkg/mod/github.com/gin-gonic/gin@v1.10.0/logger.go:249\ngithub.com/gin-gonic/gin.(*Context).Next\n\t/home/perdokcat/go/pkg/mod/github.com/gin-gonic/gin@v1.10.0/context.go:185\ngithub.com/gin-gonic/gin.(*Engine).handleHTTPRequest\n\t/home/perdokcat/go/pkg/mod/github.com/gin-gonic/gin@v1.10.0/gin.go:633\ngithub.com/gin-gonic/gin.(*Engine).ServeHTTP\n\t/home/perdokcat/go/pkg/mod/github.com/gin-gonic/gin@v1.10.0/gin.go:589\nnet/http.serverHandler.ServeHTTP\n\t/home/perdokcat/go/pkg/mod/golang.org/toolchain@v0.0.1-go1.23.5.linux-amd64/src/net/http/server.go:3210\nnet/http.(*conn).serve\n\t/home/perdokcat/go/pkg/mod/golang.org/toolchain@v0.0.1-go1.23.5.linux-amd64/src/net/http/server.go:2092"}
{"level":"INFO","ts":"2025-05-17T22:23:44.101+0700","caller":"service/product.service.go:93","msg":"GetProductByID","id":193}
{"level":"INFO","ts":"2025-05-17T22:24:02.591+0700","caller":"service/product.service.go:93","msg":"GetProductByID","id":198}
{"level":"INFO","ts":"2025-05-17T22:24:33.691+0700","caller":"service/product.service.go:93","msg":"GetProductByID","id":198}
{"level":"INFO","ts":"2025-05-17T22:26:04.118+0700","caller":"service/product.service.go:93","msg":"GetProductByID","id":198}
{"level":"INFO","ts":"2025-05-17T22:30:12.738+0700","caller":"service/product.service.go:93","msg":"GetProductByID","id":233}
{"level":"INFO","ts":"2025-05-17T22:32:13.061+0700","caller":"service/user.service.go:25","msg":"GetUserByID : ","id":6}
{"level":"INFO","ts":"2025-05-17T22:32:20.529+0700","caller":"service/user.service.go:25","msg":"GetUserByID : ","id":6}
{"level":"INFO","ts":"2025-05-17T22:32:25.957+0700","caller":"service/user.service.go:25","msg":"GetUserByID : ","id":6}
{"level":"INFO","ts":"2025-05-17T22:32:32.713+0700","caller":"service/product.service.go:93","msg":"GetProductByID","id":233}
{"level":"INFO","ts":"2025-05-17T22:36:00.821+0700","caller":"service/product.service.go:93","msg":"GetProductByID","id":233}
{"level":"INFO","ts":"2025-05-17T22:36:16.360+0700","caller":"service/product.service.go:93","msg":"GetProductByID","id":233}
{"level":"INFO","ts":"2025-05-17T22:40:26.220+0700","caller":"service/product.service.go:93","msg":"GetProductByID","id":233}
{"level":"INFO","ts":"2025-05-17T22:44:38.053+0700","caller":"service/product.service.go:93","msg":"GetProductByID","id":233}
{"level":"INFO","ts":"2025-05-17T22:47:18.674+0700","caller":"service/product.service.go:93","msg":"GetProductByID","id":233}
{"level":"INFO","ts":"2025-05-17T22:48:02.501+0700","caller":"service/product.service.go:93","msg":"GetProductByID","id":233}
{"level":"INFO","ts":"2025-05-17T23:14:35.489+0700","caller":"service/product.service.go:93","msg":"GetProductByID","id":198}
{"level":"INFO","ts":"2025-05-17T23:26:36.132+0700","caller":"service/product.service.go:93","msg":"GetProductByID","id":192}
{"level":"INFO","ts":"2025-05-17T23:26:40.003+0700","caller":"service/product.service.go:93","msg":"GetProductByID","id":194}
{"level":"INFO","ts":"2025-05-17T23:26:59.651+0700","caller":"service/product.service.go:93","msg":"GetProductByID","id":191}
{"level":"INFO","ts":"2025-05-17T23:27:43.280+0700","caller":"service/product.service.go:93","msg":"GetProductByID","id":192}
{"level":"INFO","ts":"2025-05-18T09:28:43.757+0700","caller":"service/user.service.go:25","msg":"GetUserByID : ","id":6}
{"level":"INFO","ts":"2025-05-18T09:31:20.690+0700","caller":"service/user.service.go:25","msg":"GetUserByID : ","id":6}
{"level":"INFO","ts":"2025-05-18T09:32:11.768+0700","caller":"service/user.service.go:25","msg":"GetUserByID : ","id":6}
{"level":"INFO","ts":"2025-05-18T16:42:17.487+0700","caller":"controller/user.controller.go:74","msg":"Failed to login user","email":"mythott@gmail.com","error":"user not found"}
{"level":"INFO","ts":"2025-05-18T16:42:22.549+0700","caller":"controller/user.controller.go:74","msg":"Failed to login user","email":"mythott@gmail.com","error":"user not found"}
{"level":"INFO","ts":"2025-05-18T16:42:26.843+0700","caller":"service/user.service.go:25","msg":"GetUserByID : ","id":6}
{"level":"INFO","ts":"2025-05-18T16:42:45.994+0700","caller":"controller/user.controller.go:74","msg":"Failed to login user","email":"mythott@gmail.com","error":"user not found"}
{"level":"INFO","ts":"2025-05-18T16:42:48.197+0700","caller":"controller/user.controller.go:74","msg":"Failed to login user","email":"mythott@gmail.com","error":"user not found"}
{"level":"INFO","ts":"2025-05-18T16:46:59.880+0700","caller":"service/product.service.go:93","msg":"GetProductByID","id":1}
{"level":"ERROR","ts":"2025-05-18T16:46:59.880+0700","caller":"controller/product.controller.go:129","msg":"Failed to get product","error":"product not found","id":"1","stacktrace":"GOLANG/github.com/HwuuPhuc0904/backend-api/internal/controller.(*ProductController).GetProductByID\n\t/home/perdokcat/GolangEcomerce/Go_backend_ecommerce/backend-api/internal/controller/product.controller.go:129\ngithub.com/gin-gonic/gin.(*Context).Next\n\t/home/perdokcat/go/pkg/mod/github.com/gin-gonic/gin@v1.10.0/context.go:185\ngithub.com/gin-gonic/gin.CustomRecoveryWithWriter.func1\n\t/home/perdokcat/go/pkg/mod/github.com/gin-gonic/gin@v1.10.0/recovery.go:102\ngithub.com/gin-gonic/gin.(*Context).Next\n\t/home/perdokcat/go/pkg/mod/github.com/gin-gonic/gin@v1.10.0/context.go:185\ngithub.com/gin-gonic/gin.LoggerWithConfig.func1\n\t/home/perdokcat/go/pkg/mod/github.com/gin-gonic/gin@v1.10.0/logger.go:249\ngithub.com/gin-gonic/gin.(*Context).Next\n\t/home/perdokcat/go/pkg/mod/github.com/gin-gonic/gin@v1.10.0/context.go:185\ngithub.com/gin-gonic/gin.(*Engine).handleHTTPRequest\n\t/home/perdokcat/go/pkg/mod/github.com/gin-gonic/gin@v1.10.0/gin.go:633\ngithub.com/gin-gonic/gin.(*Engine).ServeHTTP\n\t/home/perdokcat/go/pkg/mod/github.com/gin-gonic/gin@v1.10.0/gin.go:589\nnet/http.serverHandler.ServeHTTP\n\t/home/perdokcat/go/pkg/mod/golang.org/toolchain@v0.0.1-go1.23.5.linux-amd64/src/net/http/server.go:3210\nnet/http.(*conn).serve\n\t/home/perdokcat/go/pkg/mod/golang.org/toolchain@v0.0.1-go1.23.5.linux-amd64/src/net/http/server.go:2092"}
{"level":"INFO","ts":"2025-05-18T16:47:01.416+0700","caller":"service/product.service.go:93","msg":"GetProductByID","id":1}
{"level":"ERROR","ts":"2025-05-18T16:47:01.417+0700","caller":"controller/product.controller.go:129","msg":"Failed to get product","error":"product not found","id":"1","stacktrace":"GOLANG/github.com/HwuuPhuc0904/backend-api/internal/controller.(*ProductController).GetProductByID\n\t/home/perdokcat/GolangEcomerce/Go_backend_ecommerce/backend-api/internal/controller/product.controller.go:129\ngithub.com/gin-gonic/gin.(*Context).Next\n\t/home/perdokcat/go/pkg/mod/github.com/gin-gonic/gin@v1.10.0/context.go:185\ngithub.com/gin-gonic/gin.CustomRecoveryWithWriter.func1\n\t/home/perdokcat/go/pkg/mod/github.com/gin-gonic/gin@v1.10.0/recovery.go:102\ngithub.com/gin-gonic/gin.(*Context).Next\n\t/home/perdokcat/go/pkg/mod/github.com/gin-gonic/gin@v1.10.0/context.go:185\ngithub.com/gin-gonic/gin.LoggerWithConfig.func1\n\t/home/perdokcat/go/pkg/mod/github.com/gin-gonic/gin@v1.10.0/logger.go:249\ngithub.com/gin-gonic/gin.(*Context).Next\n\t/home/perdokcat/go/pkg/mod/github.com/gin-gonic/gin@v1.10.0/context.go:185\ngithub.com/gin-gonic/gin.(*Engine).handleHTTPRequest\n\t/home/perdokcat/go/pkg/mod/github.com/gin-gonic/gin@v1.10.0/gin.go:633\ngithub.com/gin-gonic/gin.(*Engine).ServeHTTP\n\t/home/perdokcat/go/pkg/mod/github.com/gin-gonic/gin@v1.10.0/gin.go:589\nnet/http.serverHandler.ServeHTTP\n\t/home/perdokcat/go/pkg/mod/golang.org/toolchain@v0.0.1-go1.23.5.linux-amd64/src/net/http/server.go:3210\nnet/http.(*conn).serve\n\t/home/perdokcat/go/pkg/mod/golang.org/toolchain@v0.0.1-go1.23.5.linux-amd64/src/net/http/server.go:2092"}
{"level":"INFO","ts":"2025-05-18T16:47:02.660+0700","caller":"service/product.service.go:93","msg":"GetProductByID","id":1}
{"level":"ERROR","ts":"2025-05-18T16:47:02.661+0700","caller":"controller/product.controller.go:129","msg":"Failed to get product","error":"product not found","id":"1","stacktrace":"GOLANG/github.com/HwuuPhuc0904/backend-api/internal/controller.(*ProductController).GetProductByID\n\t/home/perdokcat/GolangEcomerce/Go_backend_ecommerce/backend-api/internal/controller/product.controller.go:129\ngithub.com/gin-gonic/gin.(*Context).Next\n\t/home/perdokcat/go/pkg/mod/github.com/gin-gonic/gin@v1.10.0/context.go:185\ngithub.com/gin-gonic/gin.CustomRecoveryWithWriter.func1\n\t/home/perdokcat/go/pkg/mod/github.com/gin-gonic/gin@v1.10.0/recovery.go:102\ngithub.com/gin-gonic/gin.(*Context).Next\n\t/home/perdokcat/go/pkg/mod/github.com/gin-gonic/gin@v1.10.0/context.go:185\ngithub.com/gin-gonic/gin.LoggerWithConfig.func1\n\t/home/perdokcat/go/pkg/mod/github.com/gin-gonic/gin@v1.10.0/logger.go:249\ngithub.com/gin-gonic/gin.(*Context).Next\n\t/home/perdokcat/go/pkg/mod/github.com/gin-gonic/gin@v1.10.0/context.go:185\ngithub.com/gin-gonic/gin.(*Engine).handleHTTPRequest\n\t/home/perdokcat/go/pkg/mod/github.com/gin-gonic/gin@v1.10.0/gin.go:633\ngithub.com/gin-gonic/gin.(*Engine).ServeHTTP\n\t/home/perdokcat/go/pkg/mod/github.com/gin-gonic/gin@v1.10.0/gin.go:589\nnet/http.serverHandler.ServeHTTP\n\t/home/perdokcat/go/pkg/mod/golang.org/toolchain@v0.0.1-go1.23.5.linux-amd64/src/net/http/server.go:3210\nnet/http.(*conn).serve\n\t/home/perdokcat/go/pkg/mod/golang.org/toolchain@v0.0.1-go1.23.5.linux-amd64/src/net/http/server.go:2092"}
{"level":"INFO","ts":"2025-05-18T16:47:03.880+0700","caller":"service/product.service.go:93","msg":"GetProductByID","id":1}
{"level":"ERROR","ts":"2025-05-18T16:47:03.881+0700","caller":"controller/product.controller.go:129","msg":"Failed to get product","error":"product not found","id":"1","stacktrace":"GOLANG/github.com/HwuuPhuc0904/backend-api/internal/controller.(*ProductController).GetProductByID\n\t/home/perdokcat/GolangEcomerce/Go_backend_ecommerce/backend-api/internal/controller/product.controller.go:129\ngithub.com/gin-gonic/gin.(*Context).Next\n\t/home/perdokcat/go/pkg/mod/github.com/gin-gonic/gin@v1.10.0/context.go:185\ngithub.com/gin-gonic/gin.CustomRecoveryWithWriter.func1\n\t/home/perdokcat/go/pkg/mod/github.com/gin-gonic/gin@v1.10.0/recovery.go:102\ngithub.com/gin-gonic/gin.(*Context).Next\n\t/home/perdokcat/go/pkg/mod/github.com/gin-gonic/gin@v1.10.0/context.go:185\ngithub.com/gin-gonic/gin.LoggerWithConfig.func1\n\t/home/perdokcat/go/pkg/mod/github.com/gin-gonic/gin@v1.10.0/logger.go:249\ngithub.com/gin-gonic/gin.(*Context).Next\n\t/home/perdokcat/go/pkg/mod/github.com/gin-gonic/gin@v1.10.0/context.go:185\ngithub.com/gin-gonic/gin.(*Engine).handleHTTPRequest\n\t/home/perdokcat/go/pkg/mod/github.com/gin-gonic/gin@v1.10.0/gin.go:633\ngithub.com/gin-gonic/gin.(*Engine).ServeHTTP\n\t/home/perdokcat/go/pkg/mod/github.com/gin-gonic/gin@v1.10.0/gin.go:589\nnet/http.serverHandler.ServeHTTP\n\t/home/perdokcat/go/pkg/mod/golang.org/toolchain@v0.0.1-go1.23.5.linux-amd64/src/net/http/server.go:3210\nnet/http.(*conn).serve\n\t/home/perdokcat/go/pkg/mod/golang.org/toolchain@v0.0.1-go1.23.5.linux-amd64/src/net/http/server.go:2092"}
{"level":"INFO","ts":"2025-05-18T16:47:11.553+0700","caller":"service/product.service.go:93","msg":"GetProductByID","id":2}
{"level":"ERROR","ts":"2025-05-18T16:47:11.554+0700","caller":"controller/product.controller.go:129","msg":"Failed to get product","error":"product not found","id":"2","stacktrace":"GOLANG/github.com/HwuuPhuc0904/backend-api/internal/controller.(*ProductController).GetProductByID\n\t/home/perdokcat/GolangEcomerce/Go_backend_ecommerce/backend-api/internal/controller/product.controller.go:129\ngithub.com/gin-gonic/gin.(*Context).Next\n\t/home/perdokcat/go/pkg/mod/github.com/gin-gonic/gin@v1.10.0/context.go:185\ngithub.com/gin-gonic/gin.CustomRecoveryWithWriter.func1\n\t/home/perdokcat/go/pkg/mod/github.com/gin-gonic/gin@v1.10.0/recovery.go:102\ngithub.com/gin-gonic/gin.(*Context).Next\n\t/home/perdokcat/go/pkg/mod/github.com/gin-gonic/gin@v1.10.0/context.go:185\ngithub.com/gin-gonic/gin.LoggerWithConfig.func1\n\t/home/perdokcat/go/pkg/mod/github.com/gin-gonic/gin@v1.10.0/logger.go:249\ngithub.com/gin-gonic/gin.(*Context).Next\n\t/home/perdokcat/go/pkg/mod/github.com/gin-gonic/gin@v1.10.0/context.go:185\ngithub.com/gin-gonic/gin.(*Engine).handleHTTPRequest\n\t/home/perdokcat/go/pkg/mod/github.com/gin-gonic/gin@v1.10.0/gin.go:633\ngithub.com/gin-gonic/gin.(*Engine).ServeHTTP\n\t/home/perdokcat/go/pkg/mod/github.com/gin-gonic/gin@v1.10.0/gin.go:589\nnet/http.serverHandler.ServeHTTP\n\t/home/perdokcat/go/pkg/mod/golang.org/toolchain@v0.0.1-go1.23.5.linux-amd64/src/net/http/server.go:3210\nnet/http.(*conn).serve\n\t/home/perdokcat/go/pkg/mod/golang.org/toolchain@v0.0.1-go1.23.5.linux-amd64/src/net/http/server.go:2092"}
{"level":"INFO","ts":"2025-05-18T16:47:12.681+0700","caller":"service/product.service.go:93","msg":"GetProductByID","id":2}
{"level":"ERROR","ts":"2025-05-18T16:47:12.682+0700","caller":"controller/product.controller.go:129","msg":"Failed to get product","error":"product not found","id":"2","stacktrace":"GOLANG/github.com/HwuuPhuc0904/backend-api/internal/controller.(*ProductController).GetProductByID\n\t/home/perdokcat/GolangEcomerce/Go_backend_ecommerce/backend-api/internal/controller/product.controller.go:129\ngithub.com/gin-gonic/gin.(*Context).Next\n\t/home/perdokcat/go/pkg/mod/github.com/gin-gonic/gin@v1.10.0/context.go:185\ngithub.com/gin-gonic/gin.CustomRecoveryWithWriter.func1\n\t/home/perdokcat/go/pkg/mod/github.com/gin-gonic/gin@v1.10.0/recovery.go:102\ngithub.com/gin-gonic/gin.(*Context).Next\n\t/home/perdokcat/go/pkg/mod/github.com/gin-gonic/gin@v1.10.0/context.go:185\ngithub.com/gin-gonic/gin.LoggerWithConfig.func1\n\t/home/perdokcat/go/pkg/mod/github.com/gin-gonic/gin@v1.10.0/logger.go:249\ngithub.com/gin-gonic/gin.(*Context).Next\n\t/home/perdokcat/go/pkg/mod/github.com/gin-gonic/gin@v1.10.0/context.go:185\ngithub.com/gin-gonic/gin.(*Engine).handleHTTPRequest\n\t/home/perdokcat/go/pkg/mod/github.com/gin-gonic/gin@v1.10.0/gin.go:633\ngithub.com/gin-gonic/gin.(*Engine).ServeHTTP\n\t/home/perdokcat/go/pkg/mod/github.com/gin-gonic/gin@v1.10.0/gin.go:589\nnet/http.serverHandler.ServeHTTP\n\t/home/perdokcat/go/pkg/mod/golang.org/toolchain@v0.0.1-go1.23.5.linux-amd64/src/net/http/server.go:3210\nnet/http.(*conn).serve\n\t/home/perdokcat/go/pkg/mod/golang.org/toolchain@v0.0.1-go1.23.5.linux-amd64/src/net/http/server.go:2092"}
{"level":"INFO","ts":"2025-05-18T16:47:13.524+0700","caller":"service/product.service.go:93","msg":"GetProductByID","id":2}
{"level":"ERROR","ts":"2025-05-18T16:47:13.525+0700","caller":"controller/product.controller.go:129","msg":"Failed to get product","error":"product not found","id":"2","stacktrace":"GOLANG/github.com/HwuuPhuc0904/backend-api/internal/controller.(*ProductController).GetProductByID\n\t/home/perdokcat/GolangEcomerce/Go_backend_ecommerce/backend-api/internal/controller/product.controller.go:129\ngithub.com/gin-gonic/gin.(*Context).Next\n\t/home/perdokcat/go/pkg/mod/github.com/gin-gonic/gin@v1.10.0/context.go:185\ngithub.com/gin-gonic/gin.CustomRecoveryWithWriter.func1\n\t/home/perdokcat/go/pkg/mod/github.com/gin-gonic/gin@v1.10.0/recovery.go:102\ngithub.com/gin-gonic/gin.(*Context).Next\n\t/home/perdokcat/go/pkg/mod/github.com/gin-gonic/gin@v1.10.0/context.go:185\ngithub.com/gin-gonic/gin.LoggerWithConfig.func1\n\t/home/perdokcat/go/pkg/mod/github.com/gin-gonic/gin@v1.10.0/logger.go:249\ngithub.com/gin-gonic/gin.(*Context).Next\n\t/home/perdokcat/go/pkg/mod/github.com/gin-gonic/gin@v1.10.0/context.go:185\ngithub.com/gin-gonic/gin.(*Engine).handleHTTPRequest\n\t/home/perdokcat/go/pkg/mod/github.com/gin-gonic/gin@v1.10.0/gin.go:633\ngithub.com/gin-gonic/gin.(*Engine).ServeHTTP\n\t/home/perdokcat/go/pkg/mod/github.com/gin-gonic/gin@v1.10.0/gin.go:589\nnet/http.serverHandler.ServeHTTP\n\t/home/perdokcat/go/pkg/mod/golang.org/toolchain@v0.0.1-go1.23.5.linux-amd64/src/net/http/server.go:3210\nnet/http.(*conn).serve\n\t/home/perdokcat/go/pkg/mod/golang.org/toolchain@v0.0.1-go1.23.5.linux-amd64/src/net/http/server.go:2092"}
{"level":"INFO","ts":"2025-05-18T16:47:15.253+0700","caller":"service/product.service.go:93","msg":"GetProductByID","id":2}
{"level":"ERROR","ts":"2025-05-18T16:47:15.254+0700","caller":"controller/product.controller.go:129","msg":"Failed to get product","error":"product not found","id":"2","stacktrace":"GOLANG/github.com/HwuuPhuc0904/backend-api/internal/controller.(*ProductController).GetProductByID\n\t/home/perdokcat/GolangEcomerce/Go_backend_ecommerce/backend-api/internal/controller/product.controller.go:129\ngithub.com/gin-gonic/gin.(*Context).Next\n\t/home/perdokcat/go/pkg/mod/github.com/gin-gonic/gin@v1.10.0/context.go:185\ngithub.com/gin-gonic/gin.CustomRecoveryWithWriter.func1\n\t/home/perdokcat/go/pkg/mod/github.com/gin-gonic/gin@v1.10.0/recovery.go:102\ngithub.com/gin-gonic/gin.(*Context).Next\n\t/home/perdokcat/go/pkg/mod/github.com/gin-gonic/gin@v1.10.0/context.go:185\ngithub.com/gin-gonic/gin.LoggerWithConfig.func1\n\t/home/perdokcat/go/pkg/mod/github.com/gin-gonic/gin@v1.10.0/logger.go:249\ngithub.com/gin-gonic/gin.(*Context).Next\n\t/home/perdokcat/go/pkg/mod/github.com/gin-gonic/gin@v1.10.0/context.go:185\ngithub.com/gin-gonic/gin.(*Engine).handleHTTPRequest\n\t/home/perdokcat/go/pkg/mod/github.com/gin-gonic/gin@v1.10.0/gin.go:633\ngithub.com/gin-gonic/gin.(*Engine).ServeHTTP\n\t/home/perdokcat/go/pkg/mod/github.com/gin-gonic/gin@v1.10.0/gin.go:589\nnet/http.serverHandler.ServeHTTP\n\t/home/perdokcat/go/pkg/mod/golang.org/toolchain@v0.0.1-go1.23.5.linux-amd64/src/net/http/server.go:3210\nnet/http.(*conn).serve\n\t/home/perdokcat/go/pkg/mod/golang.org/toolchain@v0.0.1-go1.23.5.linux-amd64/src/net/http/server.go:2092"}
{"level":"INFO","ts":"2025-05-18T16:47:20.875+0700","caller":"service/product.service.go:93","msg":"GetProductByID","id":191}
{"level":"INFO","ts":"2025-05-18T16:47:24.051+0700","caller":"service/product.service.go:93","msg":"GetProductByID","id":2}
{"level":"ERROR","ts":"2025-05-18T16:47:24.051+0700","caller":"controller/product.controller.go:129","msg":"Failed to get product","error":"product not found","id":"2","stacktrace":"GOLANG/github.com/HwuuPhuc0904/backend-api/internal/controller.(*ProductController).GetProductByID\n\t/home/perdokcat/GolangEcomerce/Go_backend_ecommerce/backend-api/internal/controller/product.controller.go:129\ngithub.com/gin-gonic/gin.(*Context).Next\n\t/home/perdokcat/go/pkg/mod/github.com/gin-gonic/gin@v1.10.0/context.go:185\ngithub.com/gin-gonic/gin.CustomRecoveryWithWriter.func1\n\t/home/perdokcat/go/pkg/mod/github.com/gin-gonic/gin@v1.10.0/recovery.go:102\ngithub.com/gin-gonic/gin.(*Context).Next\n\t/home/perdokcat/go/pkg/mod/github.com/gin-gonic/gin@v1.10.0/context.go:185\ngithub.com/gin-gonic/gin.LoggerWithConfig.func1\n\t/home/perdokcat/go/pkg/mod/github.com/gin-gonic/gin@v1.10.0/logger.go:249\ngithub.com/gin-gonic/gin.(*Context).Next\n\t/home/perdokcat/go/pkg/mod/github.com/gin-gonic/gin@v1.10.0/context.go:185\ngithub.com/gin-gonic/gin.(*Engine).handleHTTPRequest\n\t/home/perdokcat/go/pkg/mod/github.com/gin-gonic/gin@v1.10.0/gin.go:633\ngithub.com/gin-gonic/gin.(*Engine).ServeHTTP\n\t/home/perdokcat/go/pkg/mod/github.com/gin-gonic/gin@v1.10.0/gin.go:589\nnet/http.serverHandler.ServeHTTP\n\t/home/perdokcat/go/pkg/mod/golang.org/toolchain@v0.0.1-go1.23.5.linux-amd64/src/net/http/server.go:3210\nnet/http.(*conn).serve\n\t/home/perdokcat/go/pkg/mod/golang.org/toolchain@v0.0.1-go1.23.5.linux-amd64/src/net/http/server.go:2092"}
{"level":"INFO","ts":"2025-05-18T16:47:28.144+0700","caller":"service/product.service.go:93","msg":"GetProductByID","id":191}
{"level":"INFO","ts":"2025-05-18T16:47:33.105+0700","caller":"service/product.service.go:93","msg":"GetProductByID","id":193}
{"level":"INFO","ts":"2025-05-18T16:47:59.728+0700","caller":"service/product.service.go:93","msg":"GetProductByID","id":193}
{"level":"INFO","ts":"2025-05-18T17:25:31.322+0700","caller":"service/product.service.go:93","msg":"GetProductByID","id":191}
{"level":"INFO","ts":"2025-05-18T17:29:47.953+0700","caller":"service/product.service.go:93","msg":"GetProductByID","id":215}
{"level":"INFO","ts":"2025-05-18T17:32:24.205+0700","caller":"service/product.service.go:93","msg":"GetProductByID","id":211}
{"level":"INFO","ts":"2025-05-18T17:38:13.544+0700","caller":"service/product.service.go:93","msg":"GetProductByID","id":193}
{"level":"INFO","ts":"2025-05-18T17:38:23.359+0700","caller":"service/product.service.go:93","msg":"GetProductByID","id":193}
{"level":"INFO","ts":"2025-05-18T17:38:33.042+0700","caller":"service/product.service.go:93","msg":"GetProductByID","id":193}
{"level":"INFO","ts":"2025-05-18T17:41:36.767+0700","caller":"service/product.service.go:93","msg":"GetProductByID","id":196}
{"level":"INFO","ts":"2025-05-18T17:44:18.257+0700","caller":"service/product.service.go:93","msg":"GetProductByID","id":193}
{"level":"INFO","ts":"2025-05-18T17:47:35.767+0700","caller":"service/product.service.go:93","msg":"GetProductByID","id":193}
{"level":"INFO","ts":"2025-05-18T17:47:40.192+0700","caller":"service/product.service.go:93","msg":"GetProductByID","id":192}
{"level":"INFO","ts":"2025-05-18T17:51:42.639+0700","caller":"service/product.service.go:93","msg":"GetProductByID","id":193}
{"level":"INFO","ts":"2025-05-18T17:53:30.245+0700","caller":"service/product.service.go:93","msg":"GetProductByID","id":193}
{"level":"INFO","ts":"2025-05-18T17:53:35.468+0700","caller":"service/product.service.go:93","msg":"GetProductByID","id":195}
{"level":"INFO","ts":"2025-05-18T17:58:59.711+0700","caller":"controller/user.controller.go:74","msg":"Failed to login user","email":"mythott@gmail.com","error":"user not found"}
{"level":"INFO","ts":"2025-05-18T17:58:59.764+0700","caller":"controller/user.controller.go:74","msg":"Failed to login user","email":"mythott@gmail.com","error":"user not found"}
{"level":"INFO","ts":"2025-05-18T17:58:59.877+0700","caller":"controller/user.controller.go:74","msg":"Failed to login user","email":"mythott@gmail.com","error":"user not found"}
{"level":"INFO","ts":"2025-05-18T17:58:59.999+0700","caller":"controller/user.controller.go:74","msg":"Failed to login user","email":"mythott@gmail.com","error":"user not found"}
{"level":"INFO","ts":"2025-05-18T17:59:00.116+0700","caller":"controller/user.controller.go:74","msg":"Failed to login user","email":"mythott@gmail.com","error":"user not found"}
{"level":"INFO","ts":"2025-05-18T17:59:00.569+0700","caller":"controller/user.controller.go:74","msg":"Failed to login user","email":"mythott@gmail.com","error":"user not found"}
{"level":"INFO","ts":"2025-05-18T17:59:00.672+0700","caller":"controller/user.controller.go:74","msg":"Failed to login user","email":"mythott@gmail.com","error":"user not found"}
{"level":"INFO","ts":"2025-05-18T17:59:00.774+0700","caller":"controller/user.controller.go:74","msg":"Failed to login user","email":"mythott@gmail.com","error":"user not found"}
{"level":"INFO","ts":"2025-05-18T17:59:13.679+0700","caller":"controller/user.controller.go:74","msg":"Failed to login user","email":"mythott@gmail.com","error":"user not found"}
{"level":"INFO","ts":"2025-05-18T17:59:17.875+0700","caller":"controller/user.controller.go:74","msg":"Failed to login user","email":"mythott@gmail.com","error":"user not found"}
{"level":"INFO","ts":"2025-05-18T18:00:26.480+0700","caller":"service/product.service.go:93","msg":"GetProductByID","id":191}
{"level":"INFO","ts":"2025-05-18T18:00:36.629+0700","caller":"service/product.service.go:93","msg":"GetProductByID","id":191}
{"level":"INFO","ts":"2025-05-18T18:08:02.255+0700","caller":"service/product.service.go:93","msg":"GetProductByID","id":199}
{"level":"INFO","ts":"2025-05-18T21:36:06.251+0700","caller":"service/product.service.go:93","msg":"GetProductByID","id":193}
{"level":"INFO","ts":"2025-05-18T21:40:44.918+0700","caller":"service/product.service.go:93","msg":"GetProductByID","id":192}
{"level":"INFO","ts":"2025-05-18T21:40:56.512+0700","caller":"service/product.service.go:93","msg":"GetProductByID","id":192}
{"level":"INFO","ts":"2025-05-18T21:41:12.972+0700","caller":"service/product.service.go:93","msg":"GetProductByID","id":191}
{"level":"INFO","ts":"2025-05-18T21:42:15.333+0700","caller":"service/product.service.go:93","msg":"GetProductByID","id":208}
